latitude,longitude,dist_to_ac_1,dist_to_ac_3,dist_to_hydro_1,dist_to_hydro_3,install_year_hydro_3,dist_to_busline_1,dist_to_busline_3,dist_to_busstop_1,dist_to_busstop_3,dist_to_metroline_1,dist_to_metroline_3,dist_to_metrostop_1,dist_to_metrostop_3,lashade_ua_pop,lashade_cbg_pop,lashade_acs_pop,lashade_biome,lashade_tc_goal,lashade_treecanopy,lashade_tc_gap,lashade_pctpoc,lashade_pctpov,lashade_unemplrate,lashade_dep_ratio,lashade_dep_perc,lashade_linguistic,lashade_health_nor,lashade_temp_diff,lashade_tes,lashade_holc_grade,lashade_child_perc,lashade_seniorperc,lashade_ej_disadva,lashade_rank,lashade_rankgrpsz,lashade_bld1200,lashade_veg1200,lashade_bld1500,lashade_veg1500,lashade_bld1800,lashade_veg1800,lashade_tot1200,lashade_tot1500,lashade_tot1800,dist_to_venue1,closest_venue_sport,dist_to_venue3,cva_population,cva_children,cva_older_adults,cva_older_adults_living_alone,cva_limited_english,cva_no_high_school_diploma,cva_female,cva_female_householder,cva_disability,cva_no_health_insurance,cva_living_in_group_quarters,cva_mobile_homes,cva_rent_burden,cva_renters,cva_median_income,cva_poverty,cva_households_without_vehicle_acce,cva_outdoor_workers,cva_unemployed,cva_foreign_born,cva_no_internet_subscription,cva_voter_turnout_rate,cva_sovi_score,cva_asthma,cva_cardiovascular_disease,cva_transit_access,pm25,pm25_percentile,tree_percent_w,urban_heat_idx,urban_heat_idx_percentile,dist_to_vacant_park_1,dist_to_vacant_park_3,dist_to_vacant_street_1,dist_to_vacant_street_3,land_surface_temp_c,heat_temp_severity,heat_uhi_intensity,heat_canopy_deficit,heat_air_quality_impact,heat_vegetation_deficit,HEAT_VULNERABILITY_INDEX,pop_density_score,pop_vulnerable_score,pop_olympic_proximity,pop_transit_access,POPULATION_IMPACT_INDEX,access_cooling_gap,access_hydration_gap,access_planting_opportunity,access_multimodal_transit,access_infrastructure_gap,ACCESSIBILITY_INDEX,equity_social_vulnerability,equity_economic_disadvantage,equity_environmental_justice,equity_health_vulnerability,equity_education_gap,equity_housing_burden,EQUITY_INDEX,coverage_existing_shade,coverage_spatial_isolation,coverage_priority_score,COVERAGE_EFFICIENCY_INDEX,interact_heat_population,interact_heat_equity,interact_population_access,interact_equity_access,REWARD_POTENTIAL_SCORE,priority_rank,priority_tier
34.00388950847643,-118.30020325668885,3.507454171707632,4.180585559088183,1.3543538371396644,1.935569866666868,2020,0.0030450822979408,0.0085981754466694,0.0080416158623921,0.0264068045518281,1.5939813553464552,2.0116871711610425,1.78212565936139,1.883995751668912,12235584,1101,1006.0,Mediterranean,0.3,0.0868,0.2132,0.970178926441352,0.433399602385686,0.077389984825493,0.21351025331725,0.175944333996024,0.065019505851756,0.475944652940544,2.66,66,C,0.124254473161034,0.05168986083499,Yes,2185.0,2675,0.0009,0.1432,0.0519,0.1628,0.4402,0.1769,0.1442,0.2147,0.6171,1.3907722826696398,Diving,1.5995063445309967,7278,29.3,11.6,8.3,20.4,36.1,54.1,30.0,8.5,16.0,2.0,0.0,60.4,71.3,41416,24.6,17.4,12.1,8.9,35.3,35.3,51.7,3.76,92.7,10.8,100.0,11.97864156,0.229396662387677,4.1,3336.0,0.353783231083845,0.4647411157125374,0.4846416271506205,0.0110313958816135,0.0233735895901602,47.7209411621094,0.44086869366527903,0.2676281330153444,0.7651209677419355,0.13467904011596232,0.8672909267032612,0.4951175522483565,0.9384981311586816,0.47111111111111115,0.05681453374414706,0.6117881482603595,0.5195529810685748,0.7326175422772357,0.6037918577650483,0.45907006554439,1.0000000000000002,0.802084202678172,0.7195127336529692,0.6875,0.17191977077363896,1.0,0.5896739130434783,0.5239477503628447,0.3859060402684562,0.5598245790747364,0.8852196216736133,0.0005160891072542029,0.5313382086470697,0.4723579731426457,0.2572398002500095,0.27717897527995,0.37382498568619965,0.4028009132561864,0.5535355418477195,1,High
34.02559903390573,-118.25829507274202,2.5525599692469645,3.042344761558489,0.4639447548563377,1.5722192728122049,2020,0.0369302810742092,0.0369302810742092,0.0242000260769922,0.0943977465623583,0.2421135693323315,0.6545811749847726,0.2904361414247798,1.0255401193222289,12235584,1509,1626.0,Mediterranean,0.3,0.0872,0.2128,1.0,0.688191881918819,0.157983193277311,0.608308605341246,0.378228782287823,0.194018255972033,0.462273343712644,5.08,58,D,0.301353013530135,0.076875768757687,Yes,2531.0,2675,0.0009,0.1368,0.0825,0.1554,0.3894,0.1741,0.1377,0.238,0.5634,1.93578993817838,Fencing,2.041724481117442,5345,30.6,7.0,6.5,28.8,59.1,49.9,25.5,10.4,22.7,0.0,0.0,61.9,82.7,31615,33.5,24.4,7.2,8.3,50.2,39.8,56.0,3.11,63.5,9.6,100.0,12.15802236,0.127792041078306,4.1,5657.4,0.52807928268051,0.4004907970959336,0.4172794546329558,0.0182546246125696,0.023034855521091,50.4356628417969,0.7526143515987505,0.7899248526301577,0.7631048387096775,0.62385031763813,0.8911850177591217,0.7641358756671675,0.6100917431192661,0.4222222222222223,0.031765275732466715,0.34138996570338453,0.3513673016943349,0.5213929475211228,0.19587412612736768,0.322715250314059,1.0000000000000002,0.45821436214438266,0.4996393372213864,0.6286231884057971,0.29942693409742116,1.0,0.4286684782608695,0.8577648766328011,0.43624161073825474,0.6084541813558572,0.8105161910868868,0.0003353042928897487,0.4864438363692879,0.4324317772496881,0.2684923607610104,0.4649416686737074,0.1755569257398244,0.30400764390222174,0.5515217604963586,2,High
34.027046335601014,-118.28274151337766,3.651543558690018,4.0510927568932695,1.8682418812194643,2.0104852112362224,2020,0.1115844161986982,0.1115844802930454,0.1196608033007776,0.1508549929043827,0.6332734213420287,0.8735978638615475,0.6932401301326799,0.86144366229329,12235584,3287,2925.0,Mediterranean,0.3,0.0724,0.2276,0.602393162393162,0.88276299112801,0.208297320656871,0.022727272727273,0.022222222222222,0.075555555555556,0.475691711331325,-0.28,61,D,0.009230769230769,0.012991452991453,Yes,2436.0,2675,0.0027,0.214,0.0623,0.2337,0.3396,0.2797,0.2168,0.296,0.617,0.277890768909301,Media Village/Main Press Center,0.8339338439877584,6456,28.6,0.2,1.4,8.7,7.9,52.2,0.1,2.1,4.5,56.7,0.3,68.9,98.5,10802,80.3,40.9,1.5,19.8,30.4,14.2,42.5,-0.38,58.2,8.7,100.0,,,4.1,4828.6,0.470347648261759,0.5542236097570968,0.5576907127830045,0.0056769736083368,0.0265584157235204,47.7111755371094,0.43974725598216935,0.603451379201728,0.8377016129032258,0.2868208551945557,0.6383597029383274,0.5612161612440012,0.798844716275909,0.2918518518518519,0.33236420906859665,0.07079950831342383,0.37346507137744533,0.7644904160422903,0.8392162816929866,0.642467953063132,1.0000000000000002,0.9467644137233591,0.8385878129043537,0.31250000000000006,0.969914040114613,1.0,0.2629076086956522,0.11465892597968069,0.6711409395973156,0.5551869190645436,0.6245591535748638,0.00026528999617614346,0.3748416081433887,0.3332220172381429,0.20959463371716677,0.31157987149028715,0.31318325740258024,0.4655729842114421,0.5460489183819283,3,High
34.02994093899159,-118.25829507274202,3.033003773289037,3.44125442906726,0.7943343349696453,1.4350888302268734,2019,0.195231546267692,0.2051071209166564,0.2128922511520882,0.2359053155864489,0.1781851361407475,0.5304225333958776,0.4327120564609663,0.9703294484813876,12235584,2632,2261.0,Mediterranean,0.25,0.0416,0.2084,0.995577178239717,0.678202247191011,0.176859504132231,0.473924380704042,0.321539141972578,0.335058823529412,0.538100179435361,6.29,56,D,0.299867315347192,0.021671826625387,Yes,2585.0,2675,0.0017,0.1864,0.0562,0.2053,0.3148,0.254,0.1881,0.2615,0.5685,1.5490656640324192,Fencing,1.685410135228521,2531,34.6,5.7,8.0,28.6,53.2,43.0,15.5,7.5,22.2,0.7,0.0,68.5,81.8,40978,41.9,30.7,8.1,7.8,44.6,27.2,57.2,4.73,87.2,9.3,100.0,12.15802236,0.127792041078306,4.1,6093.6,0.557967594777411,0.7242659169256787,0.7263886334712111,0.0584748821437897,0.1014861315124195,50.00994262695315,0.7037266776006845,0.8880664176753812,0.7409274193548387,0.62385031763813,0.7300613496932515,0.7373264363924571,0.13200815494393475,0.4622222222222223,0.04783317454980587,0.0432120555404979,0.1713189018141152,0.6276681218287731,0.3472335077398545,0.07063222549302406,1.0000000000000002,0.646120042356811,0.5383307794836926,0.7753623188405798,0.4197707736389684,1.0,0.5842391304347827,0.772133526850508,0.6577181208053691,0.7015373117617013,0.7351715293363257,0.5859078487904004,0.6754660571179556,0.6655151450815605,0.1263179553612708,0.5172620060775994,0.09222623795388282,0.3776591278775709,0.5434759235404156,4,High
33.99810030169529,-118.2862338620399,2.478098632044893,2.962724484973526,2.056902848888137,2.358827604686334,2020,0.3285789116936339,0.3815335974933469,0.3166814116063651,0.3447430391806103,2.229134259198499,2.859819014144513,2.2329818396695296,2.42957495113941,12235584,1220,1454.0,Mediterranean,0.3,0.0814,0.2186,1.0,0.497936726272352,0.134114583333333,0.431102362204724,0.301237964236589,0.146187775677379,0.499820867008671,3.47,60,C,0.238651994497937,0.062585969738652,Yes,2471.0,2675,0.0012,0.1601,0.0628,0.1836,0.3636,0.2486,0.1612,0.2464,0.6122,1.6319026959522844,Diving,1.682294742024012,5987,37.5,6.4,5.0,29.9,47.9,52.0,24.4,10.6,17.0,0.2,0.0,71.8,82.1,36858,26.3,19.7,14.6,10.2,47.5,37.6,49.4,3.96,92.3,10.6,100.0,11.99843255,0.221758664955071,4.1,3688.2,0.382727701746107,0.0894640440725683,0.1059862459979642,0.00861921558617,0.0208227869162525,49.7271667480469,0.6712540476891382,0.3468703595374161,0.7923387096774193,0.18864905174334012,0.8001291572489505,0.5598482651792528,0.7191641182466871,0.5155555555555555,0.04378749332407391,0.0058187381401567095,0.32108147631661826,0.5049219439953121,0.9256463906296863,0.6217327603258949,1.0000000000000002,0.7986689503482951,0.7701940090598377,0.7056159420289856,0.19627507163323782,1.0,0.5923913043478259,0.695210449927431,0.768456375838926,0.659658190629401,0.7835844822058351,0.0005642812345243442,0.4703764018173108,0.4181750550858901,0.1797569074970521,0.369308493635155,0.24729502947914755,0.5080647864500171,0.543029884547897,5,High
33.99810030169529,-118.28274151337766,2.451828804740504,2.7415109449931205,1.7850097138665948,2.2851566447400407,2021,0.0059329947231999,0.0618161947543977,0.0210902533542666,0.084774812001513,2.232362474786355,2.839567110266505,2.249553595972607,2.4419834646237715,12235584,1220,1454.0,Mediterranean,0.3,0.0814,0.2186,1.0,0.497936726272352,0.134114583333333,0.431102362204724,0.301237964236589,0.146187775677379,0.499820867008671,3.47,60,C,0.238651994497937,0.062585969738652,Yes,2471.0,2675,0.0012,0.1601,0.0628,0.1836,0.3636,0.2486,0.1612,0.2464,0.6122,1.6538419292514452,Flag Football,1.7257880200737865,5987,37.5,6.4,5.0,29.9,47.9,52.0,24.4,10.6,17.0,0.2,0.0,71.8,82.1,36858,26.3,19.7,14.6,10.2,47.5,37.6,49.4,3.96,92.3,10.6,100.0,11.99843255,0.221758664955071,4.1,3688.2,0.382727701746107,0.3673721062857992,0.3792491241270115,0.0108241723681889,0.0228331968458833,48.590394654840296,0.5407125756963644,0.3468703595374161,0.7923387096774193,0.18864905174334012,0.8001291572489505,0.533739970780698,0.7191641182466871,0.5155555555555555,0.04278001414995652,0.34183739169353433,0.40483426991143334,0.499111003251946,0.8010856318810983,0.4707922754073516,1.0000000000000002,0.6870462256518833,0.6916070272384559,0.7056159420289856,0.19627507163323782,1.0,0.5923913043478259,0.695210449927431,0.768456375838926,0.659658190629401,0.7835844822058351,0.000564281244828102,0.47037640182143226,0.41817505509069847,0.21607623139355364,0.3520859433917846,0.27998622593769706,0.4562242402146987,0.5404181982632389,6,High
34.034282844077445,-118.26353359573535,3.5732965153977525,3.753949677880712,1.087817772608242,1.087817772608242,2019,0.0049797049603001,0.0049797049603001,0.0103618849163453,0.024193821171432,0.366391024755252,0.4357603520205302,0.5499825162751945,0.7989971307365229,12235584,2046,1327.0,Mediterranean,0.3,0.0465,0.2535,0.94498869630746,0.593820648078372,0.014569536423841,0.329659318637274,0.247927656367747,0.158618258724004,0.421757187983479,4.19,57,,0.171816126601356,0.07611152976639,Yes,2554.0,2675,0.0064,0.2545,0.0965,0.2602,0.4287,0.2819,0.2609,0.3567,0.7106,0.8687295304115711,Fencing,1.0365044094944775,2672,22.4,11.6,11.0,23.9,29.0,50.2,11.1,17.7,17.1,1.2,0.5,59.5,99.3,22054,44.3,43.1,4.1,6.3,43.0,41.7,48.7,2.65,78.8,8.4,100.0,12.22607702,0.11206675224647,4.1,5940.3,0.547585338996382,1.0648289760933245,1.0756290088366134,0.0343360663678949,0.0606460561322839,50.15007934570315,0.7198193083533093,0.8535751248706294,0.9682459677419355,0.8094353132092067,0.5527930255085567,0.7807737479367274,0.1559633027522936,0.36888888888888893,0.1072366175902254,0.5530338878101715,0.29628067426039484,0.7471820064114824,0.4816853013443938,0.15733491834455607,1.0000000000000002,0.7647910127389097,0.6301986477678685,0.5869565217391305,0.45415472779369614,1.0,0.486413043478261,0.42089985486211895,0.355704697986577,0.5506881409766305,0.42994549535107407,0.00014471716894748354,0.25802518407822345,0.22937179886608164,0.23132817248350915,0.42996284377463273,0.18671568027865315,0.3470429217852739,0.5398824235327933,7,High
34.00388950847643,-118.29147238503325,3.207260403373265,3.549904706125661,1.9312267325424823,2.233097065815386,2020,0.006812596127728,0.0068205502618916,0.0126300259003764,0.0251417852482896,1.5902509823565107,2.2766719974791685,1.5923604908671862,1.8468058573819832,12235584,1853,1721.0,Mediterranean,0.25,0.0689,0.1811,0.99418942475305,0.656595002905288,0.038636363636364,0.47725321888412,0.323067983730389,0.156441717791411,0.567128964324753,2.32,66,C,0.241719930273097,0.081348053457292,Yes,2185.0,2675,0.0018,0.1147,0.0827,0.1305,0.4384,0.1447,0.1165,0.2132,0.5831,0.9838083510623452,Diving,1.122014732375266,3955,31.5,7.5,11.4,26.0,53.0,52.0,24.3,7.7,24.6,0.7,2.0,66.2,91.0,31099,41.6,37.7,17.0,13.1,46.3,39.1,51.8,6.33,92.3,10.6,100.0,11.97864156,0.229396662387677,4.1,3673.1,0.381469246499921,0.5663456091185181,0.5945907614026001,0.0942205595724158,0.1026654752721845,49.27373954692344,0.6191846358607265,0.3434729784457543,0.603326612903226,0.13467904011596232,0.9715854052308686,0.5344497345113075,0.3739381583418281,0.442962962962963,0.09194797463091103,0.4827821431665687,0.3479078097755677,0.6662140528630783,0.8680711509777169,0.017181494182001045,1.0000000000000002,0.8549610548504233,0.6812855505746439,0.9202898550724639,0.41547277936962745,1.0,0.6440217391304348,0.7692307692307692,0.580536912751678,0.7215920092591622,0.8900288554023725,0.0005160890969508891,0.5342237488802039,0.4749228977931758,0.1859392365689626,0.3856546577740402,0.2370245637321661,0.4916102093183919,0.5393000740804049,8,High
34.006784111867006,-118.29496473369548,3.609193174876317,3.932649877067784,1.4844989518816618,2.0369963745627584,2020,0.3165528829897584,0.3165528829897584,0.3115269581894339,0.3268475821770019,1.2706090079157055,1.970867130719191,1.3100408214144617,1.5518830564043091,12235584,1541,1506.0,Mediterranean,0.25,0.0666,0.1834,0.99003984063745,0.412250516173434,0.046728971962617,0.518145161290323,0.341301460823373,0.407834101382488,0.475944652940544,2.66,65,C,0.258300132802125,0.083001328021248,Yes,2234.0,2675,0.001,0.1229,0.0615,0.1356,0.4241,0.1437,0.1239,0.1971,0.5678,0.8260024675913586,Diving,1.0286570967377833,7278,29.3,11.6,8.3,20.4,36.1,54.1,30.0,8.5,16.0,2.0,0.0,60.4,71.3,41416,24.6,17.4,12.1,8.9,35.3,35.3,51.7,3.76,92.7,10.8,100.0,11.97864156,0.229396662387677,4.1,3336.0,0.353783231083845,0.7024044721334881,0.7085538817575953,0.0076108223209454,0.0107768423534433,48.87099609375002,0.572935503315251,0.2676281330153444,0.6149193548387097,0.13467904011596232,0.9551178559896674,0.509055977454987,0.9384981311586816,0.47111111111111115,0.11388042331205173,0.009984783263093107,0.38336861221123436,0.7551224225664022,0.6634144526437341,0.5574530033428886,1.0000000000000002,0.9027309111385788,0.7757441579383209,0.6875,0.17191977077363896,1.0,0.5896739130434783,0.5239477503628447,0.3859060402684562,0.5598245790747364,0.9416479640910548,0.0004919903267937009,0.5651855745853502,0.5024418430010663,0.19515608361475176,0.2849820483042166,0.2973959612597867,0.43428064668750627,0.537925649038286,9,High
34.02994093899159,-118.27226446739095,3.371162484605145,3.74128958594297,1.0973971789891352,1.3325506068047703,2019,0.0107512332829144,0.0309285855214464,0.0475002460786895,0.0628991183750557,0.0641158389253712,0.1909647529612397,0.1540640113694406,0.5412049619792572,12235584,1777,775.0,Mediterranean,0.3,0.0451,0.2549,0.887741935483871,0.658064516129032,0.025948103792415,0.197836166924266,0.165161290322581,0.285050675675676,0.49393764163504,1.69,54,D,0.156129032258064,0.009032258064516,Yes,2624.0,2675,0.0032,0.2278,0.0596,0.241,0.2909,0.2765,0.231,0.3006,0.5674,1.1873882400813125,Fencing,1.2074093251215987,2476,25.7,3.8,6.5,29.0,41.7,49.3,18.4,9.1,26.3,0.6,1.1,61.4,96.5,26493,46.4,39.7,11.7,3.1,44.3,46.2,46.6,3.12,61.7,8.5,100.0,12.16525921,0.126572528883184,4.1,5520.4,0.518955482145666,0.7089601976404419,0.8170358869697442,0.081179865173085,0.1171869646882901,47.64190063476565,0.43179205741760995,0.7591009314673984,0.975302419354839,0.6435852009686585,0.6147885050048434,0.6849138228426698,0.12266394835202177,0.3022222222222223,0.07159624096988168,0.23652205420425348,0.1832511164370948,0.7024695360345907,0.48607385689608357,0.029036041749000985,1.0000000000000002,0.735573553584031,0.5906305976527413,0.6295289855072465,0.484240687679083,1.0,0.43342391304347816,0.6052249637155297,0.41946308724832204,0.5953136061989431,0.6098108368066688,1.0,0.7658865020840013,0.7918991129635566,0.1255112226991178,0.4077385178119738,0.10823371642177339,0.35161043102009043,0.53789999771882,10,High
34.03283554238216,-118.27226446739095,3.4278977255192404,3.819630472021743,1.1360045066789437,1.1360045066789437,2019,0.0627063001925098,0.0627063001925098,0.1420966838183124,0.1567312433644962,0.0667050735326466,0.1094810924242462,0.2730274959409525,0.5827202336222556,12235584,1777,775.0,Mediterranean,0.3,0.0451,0.2549,0.887741935483871,0.658064516129032,0.025948103792415,0.197836166924266,0.165161290322581,0.285050675675676,0.49393764163504,1.69,54,D,0.156129032258064,0.009032258064516,Yes,2624.0,2675,0.0032,0.2278,0.0596,0.241,0.2909,0.2765,0.231,0.3006,0.5674,0.8770400718938001,Fencing,1.1704338694040557,2476,25.7,3.8,6.5,29.0,41.7,49.3,18.4,9.1,26.3,0.6,1.1,61.4,96.5,26493,46.4,39.7,11.7,3.1,44.3,46.2,46.6,3.12,61.7,8.5,100.0,12.16525921,0.126572528883184,4.1,5520.4,0.518955482145666,0.7048158941346501,0.8151499009652494,0.0809929591763313,0.1940378022920652,48.2770935058594,0.5047345697183792,0.7591009314673984,0.975302419354839,0.6435852009686585,0.6147885050048434,0.6995023253028236,0.12266394835202177,0.3022222222222223,0.10601188020568719,0.08204133407275788,0.1532348462131723,0.7150194899871741,0.5037607986054315,0.029388772067053426,1.0000000000000002,0.7712811111055745,0.6038900343530468,0.6295289855072465,0.484240687679083,1.0,0.43342391304347816,0.6052249637155297,0.41946308724832204,0.5953136061989431,0.6098108368066688,0.9997379355922766,0.765781676320912,0.7917768162399526,0.1071881312435346,0.41642325182057016,0.09253699654375645,0.3595039540983159,0.5374121385685863,11,High
34.0284936372963,-118.26004124707312,2.888192344332187,3.3918885155716594,0.5748528446295776,1.3954650892260865,2019,0.2607715164942842,0.2607715164942842,0.2434640355953932,0.2714853677495458,0.0393052883397786,0.4149969880144289,0.4588200281990405,0.9050054719558172,12235584,2632,2261.0,Mediterranean,0.25,0.0416,0.2084,0.995577178239717,0.678202247191011,0.176859504132231,0.473924380704042,0.321539141972578,0.335058823529412,0.538100179435361,6.29,56,D,0.299867315347192,0.021671826625387,Yes,2585.0,2675,0.0017,0.1864,0.0562,0.2053,0.3148,0.254,0.1881,0.2615,0.5685,1.5784635094783166,Fencing,1.7482374360098627,2531,34.6,5.7,8.0,28.6,53.2,43.0,15.5,7.5,22.2,0.7,0.0,68.5,81.8,40978,41.9,30.7,8.1,7.8,44.6,27.2,57.2,4.73,87.2,9.3,100.0,12.15802236,0.127792041078306,4.1,6093.6,0.557967594777411,0.5060282611077745,0.5062164284584348,0.0555210562231958,0.0924398909640237,51.91900024414065,0.9229537266776013,0.8880664176753812,0.7409274193548387,0.62385031763813,0.7300613496932515,0.7811718462078405,0.13200815494393475,0.4622222222222223,0.04635169992480436,0.03551101416737349,0.1690232728145837,0.5956355308688083,0.24668377901697347,0.08486457278439441,1.0000000000000002,0.5833821832496192,0.5021132131839592,0.7753623188405798,0.4197707736389684,1.0,0.5842391304347827,0.772133526850508,0.6577181208053691,0.7015373117617013,0.7351715293363257,0.2930787755797071,0.5583344278336781,0.5288615775832369,0.13203622207665985,0.5480211970125736,0.08486881861579956,0.35225115377710475,0.5351467692253689,12,High
34.00823141356229,-118.29496473369548,3.634604761884884,4.007933755949179,1.4054299949764648,1.9627449417952143,2020,0.2927625828034798,0.2927680649917876,0.2844005718937231,0.3029154472250815,1.1100710835938574,1.8745672518258656,1.1549035042876243,1.42023731691733,12235584,1196,1362.0,Mediterranean,0.3,0.096,0.204,0.957415565345081,0.745227606461087,0.082661290322581,0.873452544704264,0.466226138032305,0.407834101382488,0.475944652940544,0.37,57,C,0.286343612334802,0.179882525697504,Yes,2554.0,2675,0.0021,0.1575,0.064,0.1713,0.3594,0.175,0.1597,0.2354,0.5344,0.7082244172953549,Diving,0.9234610353018184,7278,29.3,11.6,8.3,20.4,36.1,54.1,30.0,8.5,16.0,2.0,0.0,60.4,71.3,41416,24.6,17.4,12.1,8.9,35.3,35.3,51.7,3.76,92.7,10.8,100.0,11.97864156,0.229396662387677,4.1,3336.0,0.353783231083845,0.6519415976243921,0.6590073625533895,0.0044348688055249,0.0068214402218896,48.64914160438144,0.5474587944978424,0.2676281330153444,0.71875,0.13467904011596232,0.8398450113012592,0.5016721957860817,0.9384981311586816,0.47111111111111115,0.13583114573123745,0.014458801471765328,0.38997479736819884,0.7607435187613132,0.6271910692736817,0.7027392853323458,1.0000000000000002,0.8875439799411646,0.7956435706617011,0.6875,0.17191977077363896,1.0,0.5896739130434783,0.5239477503628447,0.3859060402684562,0.5598245790747364,0.8188521962167361,0.00047994026139042134,0.49150329383459784,0.4369451434375748,0.1956395128969366,0.2808484258394419,0.3102809402461071,0.4454208270392071,0.5347922734151823,13,High
34.00533681017172,-118.28972621070211,3.111946230436373,3.5018851732694607,1.983230442495948,2.171672981952959,2020,0.1675847075011601,0.1675847075011601,0.215103052406742,0.2326316536269512,1.4276606670647398,2.1566356385308354,1.4415791885136582,1.6889400720682823,12235584,1853,1721.0,Mediterranean,0.25,0.0689,0.1811,0.99418942475305,0.656595002905288,0.038636363636364,0.47725321888412,0.323067983730389,0.156441717791411,0.567128964324753,2.32,66,C,0.241719930273097,0.081348053457292,Yes,2185.0,2675,0.0018,0.1147,0.0827,0.1305,0.4384,0.1447,0.1165,0.2132,0.5831,0.8043232774125794,Diving,0.9224181320852262,3955,31.5,7.5,11.4,26.0,53.0,52.0,24.3,7.7,24.6,0.7,2.0,66.2,91.0,31099,41.6,37.7,17.0,13.1,46.3,39.1,51.8,6.33,92.3,10.6,100.0,11.97864156,0.229396662387677,4.1,3673.1,0.381469246499921,0.6700906162332989,0.6780867095802267,0.0107055553900985,0.0189661531354744,49.66958007812502,0.6646410698515499,0.3434729784457543,0.603326612903226,0.13467904011596232,0.9715854052308686,0.5435410213094722,0.3739381583418281,0.442962962962963,0.11749149216554816,0.024575618441411415,0.23974205797793768,0.6451303584587883,0.8918952963318537,0.46036418517516997,1.0000000000000002,0.8848827992128885,0.7764545278357402,0.9202898550724639,0.41547277936962745,1.0,0.6440217391304348,0.7692307692307692,0.580536912751678,0.7215920092591622,0.8900288554023725,0.0005040399410485286,0.534218929217843,0.4749172748537547,0.13030964304416295,0.3922148576814792,0.18614880642962825,0.5602833828393659,0.534019255328724,14,High
34.01257331864815,-118.28972621070211,3.287176242822653,3.923926681910801,1.7459345153785029,1.9101543010684623,2020,0.1673960975649069,0.1673960975649069,0.1850473555937077,0.2026237927147425,0.6249842816675237,1.39830965760378,0.6510436770365045,0.961919413072016,12235584,1397,1858.0,Mediterranean,0.3,0.121,0.179,0.971474703982777,0.33799784714747,0.160270880361174,0.510569105691057,0.33799784714747,0.191676040494938,0.533113760531744,-3.54,68,D,0.279332615715823,0.058665231431647,Yes,2045.0,2675,0.0022,0.2915,0.0335,0.316,0.2139,0.3787,0.2937,0.3495,0.5926,0.0345407927496619,Diving,0.2684639506623174,4671,32.9,8.9,13.3,24.3,52.8,55.3,22.1,9.4,22.4,1.1,0.0,66.4,90.1,28113,28.3,32.5,10.4,11.4,42.9,40.4,43.7,5.43,66.9,7.9,100.0,12.00727367,0.216302952503209,4.1,3928.8,0.401761837344659,0.0176200252388264,0.0282707492401285,0.0478308480090405,0.0489771138562625,47.40352783203127,0.404418464471453,0.4010034648787292,0.592741935483871,0.21275877789645392,0.3726186632224734,0.3967082611905961,0.49558273870200475,0.48444444444444446,1.0,0.04199317843971468,0.505505090396541,0.6838916036941475,0.7831843473505317,0.503381432617459,1.0000000000000002,0.8675644094491636,0.7676043586222604,0.838768115942029,0.2249283667621776,1.0,0.43817934782608703,0.7663280116110304,0.5872483221476512,0.6425753607148291,0.4530298172491184,0.29331365333256665,0.3891433516824977,0.37849560742139426,0.2005380454342069,0.25491495403309994,0.3880279106941246,0.493243647627974,0.5331454875301299,15,High
34.027046335601014,-118.25829507274202,2.712661649198816,3.1953490282530854,0.5497939095085436,1.533201092055489,2019,0.0393020812507283,0.0393020812507283,0.0770090512427587,0.0933073116683191,0.1009096859147628,0.5297980249881439,0.2590428689625427,0.971759318835454,12235584,2632,2261.0,Mediterranean,0.25,0.0416,0.2084,0.995577178239717,0.678202247191011,0.176859504132231,0.473924380704042,0.321539141972578,0.335058823529412,0.538100179435361,6.29,56,D,0.299867315347192,0.021671826625387,Yes,2585.0,2675,0.0017,0.1864,0.0562,0.2053,0.3148,0.254,0.1881,0.2615,0.5685,1.8018077718246863,Fencing,1.962548750698394,2531,34.6,5.7,8.0,28.6,53.2,43.0,15.5,7.5,22.2,0.7,0.0,68.5,81.8,40978,41.9,30.7,8.1,7.8,44.6,27.2,57.2,4.73,87.2,9.3,100.0,12.15802236,0.127792041078306,4.1,6093.6,0.557967594777411,0.4798299732251258,0.4904369331400047,0.0427058642961131,0.0457194899630602,51.0876321882496,0.8274833941172259,0.8880664176753812,0.7409274193548387,0.62385031763813,0.7300613496932515,0.7620777796957654,0.13200815494393475,0.4622222222222223,0.03659226109825837,0.14095354046345016,0.1929440446819664,0.5568077739809112,0.23520368051481622,0.12884785984033068,1.0000000000000002,0.5143796811234923,0.4870477990919101,0.7753623188405798,0.4197707736389684,1.0,0.5842391304347827,0.772133526850508,0.6577181208053691,0.7015373117617013,0.7351715293363257,0.2930993568470801,0.5583426603406274,0.5288711821746778,0.1470383691767535,0.5346259969210932,0.0939729723102429,0.3416822036743918,0.5323866198793261,16,High
33.99810030169529,-118.28448768770878,2.459712714577047,2.850292582929221,1.9189924583753428,2.3465920792735986,2021,0.1672559590469124,0.2230612403773665,0.157636311569217,0.197930114352288,2.229188677147313,2.8620969796441607,2.2354709783417395,2.4306168586014,12235584,1220,1454.0,Mediterranean,0.3,0.0814,0.2186,1.0,0.497936726272352,0.134114583333333,0.431102362204724,0.301237964236589,0.146187775677379,0.499820867008671,3.47,60,C,0.238651994497937,0.062585969738652,Yes,2471.0,2675,0.0012,0.1601,0.0628,0.1836,0.3636,0.2486,0.1612,0.2464,0.6122,1.650172482566859,Flag Football,1.6966350357926487,5987,37.5,6.4,5.0,29.9,47.9,52.0,24.4,10.6,17.0,0.2,0.0,71.8,82.1,36858,26.3,19.7,14.6,10.2,47.5,37.6,49.4,3.96,92.3,10.6,100.0,11.99843255,0.221758664955071,4.1,3688.2,0.382727701746107,0.2132087787857116,0.2284576008517907,0.0093638761196584,0.0171183753709974,49.12008056640627,0.6015391732200683,0.3468703595374161,0.7923387096774193,0.18864905174334012,0.8001291572489505,0.5459052902854389,0.7191641182466871,0.5155555555555555,0.042946761081197014,0.03934794584842415,0.32925359518296593,0.5008549405970742,0.8624663368919313,0.5336511103961873,1.0000000000000002,0.7393863854739978,0.7272717546718381,0.7056159420289856,0.19627507163323782,1.0,0.5923913043478259,0.695210449927431,0.768456375838926,0.659658190629401,0.7835844822058351,0.000564281244828102,0.47037640182143226,0.41817505509069847,0.1797412794558814,0.3601108960447105,0.2394568399007267,0.4797507697826944,0.5323055709192207,17,High
33.999547603390575,-118.2862338620399,2.637018360591693,3.014497933758935,1.981342956938115,2.3372131023309453,2020,0.3281036718320743,0.373554103910194,0.3377374367966028,0.3518854606227548,2.0685963859665786,2.730420525269054,2.0724806907046784,2.272504060335008,12235584,2473,2620.0,Mediterranean,0.3,0.0895,0.2105,0.988167938931298,0.520494972931168,0.102409638554217,0.570743405275779,0.363358778625954,0.146187775677379,0.499820867008671,1.57,62,C,0.304580152671756,0.058778625954198,Yes,2387.0,2675,0.0011,0.1854,0.0784,0.2183,0.4126,0.2638,0.1865,0.2967,0.6764,1.4741578836570086,Diving,1.52329205412473,5987,37.5,6.4,5.0,29.9,47.9,52.0,24.4,10.6,17.0,0.2,0.0,71.8,82.1,36858,26.3,19.7,14.6,10.2,47.5,37.6,49.4,3.96,92.3,10.6,100.0,11.99843255,0.221758664955071,4.1,3688.2,0.382727701746107,0.0421821570567763,0.067782618021813,0.0057718339406783,0.0209034343898852,49.31255493164065,0.6236420090556098,0.3468703595374161,0.7515120967741935,0.18864905174334012,0.6880852437843074,0.5197517521789734,0.7191641182466871,0.5155555555555555,0.0518582058184078,0.004075233151865684,0.322663278193129,0.5400753203322387,0.8910305939803506,0.8385703484214128,1.0000000000000002,0.8182985960050598,0.8175949717478124,0.7056159420289856,0.19627507163323782,1.0,0.5923913043478259,0.695210449927431,0.768456375838926,0.659658190629401,0.6223148445014427,0.0005522338761267953,0.37360980025131635,0.33215895954296193,0.16770480420469033,0.3428585004188424,0.26380787381836784,0.5393332197308581,0.5322749641002431,18,High
34.00533681017172,-118.29321855936436,3.4065525631544946,3.739215710480276,1.707304425915252,2.1323827311389305,2020,0.1550173621694975,0.1550173621694975,0.1993795430734788,0.2134681601129618,1.430684436954465,2.122727298207215,1.4401808462323884,1.690827695628479,12235584,1541,1506.0,Mediterranean,0.25,0.0666,0.1834,0.99003984063745,0.412250516173434,0.046728971962617,0.518145161290323,0.341301460823373,0.407834101382488,0.475944652940544,2.66,65,C,0.258300132802125,0.083001328021248,Yes,2234.0,2675,0.001,0.1229,0.0615,0.1356,0.4241,0.1437,0.1239,0.1971,0.5678,0.8793692371220215,Diving,1.0523558826587758,7278,29.3,11.6,8.3,20.4,36.1,54.1,30.0,8.5,16.0,2.0,0.0,60.4,71.3,41416,24.6,17.4,12.1,8.9,35.3,35.3,51.7,3.76,92.7,10.8,100.0,11.97864156,0.229396662387677,4.1,3336.0,0.353783231083845,0.5960397196749598,0.6132472486460144,0.0121031103686039,0.0154389821417696,48.35144880166734,0.5132731763777381,0.2676281330153444,0.6149193548387097,0.13467904011596232,0.9551178559896674,0.49712351206748445,0.9384981311586816,0.47111111111111115,0.105672356555329,0.028435439674511058,0.3859292596249082,0.7102978954284486,0.7654869779274783,0.4272256407056545,1.0000000000000002,0.8854386637036651,0.7576898355530494,0.6875,0.17191977077363896,1.0,0.5896739130434783,0.5239477503628447,0.3859060402684562,0.5598245790747364,0.9416479640910548,0.0005040399307456589,0.5651903944269311,0.5024474661495771,0.1918545089543384,0.27830196089133413,0.2924146772603068,0.4241733932576921,0.5313757691132504,19,High
34.00533681017172,-118.2862338620399,2.790971030987449,3.275364032092908,1.7946174694292814,2.225227110622368,2020,0.1775875419776647,0.2269867034805685,0.1992597607910278,0.2370986777958209,1.426444514732828,2.1065453582817333,1.4305587024218474,1.6503847509767056,12235584,1494,813.0,Mediterranean,0.25,0.0801,0.1699,1.0,0.666666666666667,0.11056511056511,0.5426944971537,0.351783517835178,0.254160673926443,0.467409372992642,3.08,67,C,0.316113161131611,0.035670356703567,Yes,2120.0,2675,0.0011,0.1487,0.0698,0.1714,0.3849,0.2011,0.1497,0.2412,0.5844,0.8536573589915566,Diving,0.892948973291297,4937,26.0,9.9,11.8,31.0,49.6,50.1,22.4,16.7,18.7,0.0,0.0,76.0,87.0,34436,27.6,22.5,6.3,10.6,46.8,32.5,55.2,3.74,92.3,10.6,100.0,12.0084908,0.215853658536585,4.1,3892.1,0.39830108541765,0.6419949294709547,0.6744288016163101,0.0017293151445811,0.0100844264602942,48.97269113028935,0.5846136750820774,0.39274625388111406,0.546875,0.21607789029315683,0.8395221181788828,0.5159669874870463,0.5407747196738023,0.39703703703703697,0.10951228866574791,0.028520192184643696,0.2689610593903077,0.5741299730174972,0.8054871748721134,0.8872559026777009,1.0000000000000002,0.7861043829713904,0.8105954867077404,0.6856884057971016,0.21489971346704867,1.0,0.6039402173913043,0.7198838896952104,0.9093959731543622,0.688968033250838,0.8002564924655338,0.0005040399307456589,0.48035551145161853,0.4270386812826326,0.1387750275649416,0.35548476059131,0.21801862084191592,0.5584743782390377,0.5301985315511277,20,High
34.03283554238216,-118.26877211872872,3.537969242948399,3.7546517596064937,1.105976155093295,1.105976155093295,2019,0.0083284378058408,0.0083322368267091,0.0326620935440868,0.0381211893787148,0.0029042874940851,0.0764251202370058,0.0627580018242579,0.5268648237200845,12235584,1777,775.0,Mediterranean,0.3,0.0451,0.2549,0.887741935483871,0.658064516129032,0.025948103792415,0.197836166924266,0.165161290322581,0.285050675675676,0.49393764163504,1.69,54,D,0.156129032258064,0.009032258064516,Yes,2624.0,2675,0.0032,0.2278,0.0596,0.241,0.2909,0.2765,0.231,0.3006,0.5674,0.8394032464331034,Fencing,1.1055132667958851,2476,25.7,3.8,6.5,29.0,41.7,49.3,18.4,9.1,26.3,0.6,1.1,61.4,96.5,26493,46.4,39.7,11.7,3.1,44.3,46.2,46.6,3.12,61.7,8.5,100.0,12.16525921,0.126572528883184,4.1,5520.4,0.518955482145666,1.0221531415871945,1.0344032645689951,0.0638591075547269,0.1102995667853136,48.72576086202122,0.5562573837094025,0.7591009314673984,0.975302419354839,0.6435852009686585,0.6147885050048434,0.7098068881010283,0.12266394835202177,0.3022222222222223,0.11173163116997734,0.394690568412435,0.2328270925391641,0.7393675398583033,0.4900040913712404,0.053825040432812665,1.0000000000000002,0.7657556742892856,0.6097904691903284,0.6295289855072465,0.484240687679083,1.0,0.43342391304347816,0.6052249637155297,0.41946308724832204,0.5953136061989431,0.6098108368066688,0.29301702758765114,0.48309331311906173,0.4619737258377939,0.1652622740208342,0.4225576982602729,0.14197574199967689,0.3630165632394399,0.5286013469167861,21,High
34.015467922038724,-118.28274151337766,2.8344471088255894,3.581286050989706,1.7108162898148322,1.9814479748941007,2020,0.0008713613071038,0.0008713613071038,0.090053548739764,0.1122615196412166,0.3065003360562827,0.977339869159937,0.4123872273127656,0.711439415358258,12235584,1587,2136.0,Mediterranean,0.25,0.0361,0.2139,0.883895131086142,0.757022471910112,0.298117154811715,0.295330503335355,0.227996254681648,0.144225188624492,0.633206421457944,3.68,56,D,0.172284644194757,0.055711610486891,Yes,2585.0,2675,0.0027,0.1337,0.0628,0.1451,0.3429,0.1776,0.1364,0.2079,0.5199,0.3010354670438458,Flag Football,0.4906383734692571,3339,25.6,11.2,5.5,45.3,43.1,44.8,22.5,19.8,18.2,25.4,0.0,67.3,92.0,29226,55.0,33.9,11.1,14.4,36.2,43.4,33.8,-0.44,41.7,5.7,100.0,12.08083341,0.170410783055199,4.1,4508.8,0.448324681453516,0.2315616328242425,0.2479020812739099,0.049079197990103,0.0709135118560461,45.58859625142468,0.1960003993954169,0.5314988975385861,0.7686491935483872,0.4133561215920949,0.9244430093639004,0.566789524287677,0.26928304451240237,0.4103703703703704,0.31106168704850923,0.10807005333229314,0.2746962888158938,0.5837469723659928,0.7670958469116799,0.1294407027085891,1.0000000000000002,0.7579932640782384,0.6476553572129001,0.3070652173913044,0.6074498567335243,1.0,0.2235054347826088,0.625544267053701,0.61744966442953,0.5635024067317781,0.9070214812439884,0.5861082805854316,0.7786562009805658,0.7572619876033286,0.1556949788615508,0.3193872610464656,0.1779085230581157,0.3649553525221987,0.5284935607029562,22,High
34.0284936372963,-118.26178742140424,2.9124370506058925,3.441782367988188,0.5216133184917164,1.3301960718935049,2019,0.3547797819346277,0.3712350843253193,0.3458776651239002,0.3602416363152097,0.1188395557257851,0.4213347968188336,0.6096289275605108,0.8569040654204584,12235584,2632,2261.0,Mediterranean,0.25,0.0416,0.2084,0.995577178239717,0.678202247191011,0.176859504132231,0.473924380704042,0.321539141972578,0.335058823529412,0.538100179435361,6.29,56,D,0.299867315347192,0.021671826625387,Yes,2585.0,2675,0.0017,0.1864,0.0562,0.2053,0.3148,0.254,0.1881,0.2615,0.5685,1.4959328793692073,Fencing,1.6863993996704665,2531,34.6,5.7,8.0,28.6,53.2,43.0,15.5,7.5,22.2,0.7,0.0,68.5,81.8,40978,41.9,30.7,8.1,7.8,44.6,27.2,57.2,4.73,87.2,9.3,100.0,12.15802236,0.127792041078306,4.1,6093.6,0.557967594777411,0.4392952346021157,0.4465281184358622,0.0087413957321503,0.0273397872821566,50.3406921386719,0.7417083701305076,0.8880664176753812,0.7409274193548387,0.62385031763813,0.7300613496932515,0.7449227748984217,0.13200815494393475,0.4622222222222223,0.05064921296073455,0.016406213064138003,0.1653214507977574,0.600998510604624,0.22229347666299218,0.5274347272419155,1.0000000000000002,0.5971845423317322,0.5895822513682528,0.7753623188405798,0.4197707736389684,1.0,0.5842391304347827,0.772133526850508,0.6577181208053691,0.7015373117617013,0.7351715293363257,0.00031119197947893085,0.44122739439358694,0.39223670523646387,0.12315171387849834,0.5225911209723058,0.09747059316080764,0.4136139476872957,0.5271779127305181,23,High
34.022704430515155,-118.27924916471542,3.079246150649735,3.797084512340536,1.518006276773592,1.9569169399973936,2020,0.0198588372648238,0.0198623587803347,0.0617727837384708,0.0888462064674954,0.1232352514453671,0.5703824549507518,0.1227781690294604,0.5941269295978983,12235584,3287,2925.0,Mediterranean,0.3,0.0724,0.2276,0.602393162393162,0.88276299112801,0.208297320656871,0.022727272727273,0.022222222222222,0.075555555555556,0.475691711331325,-0.28,61,D,0.009230769230769,0.012991452991453,Yes,2436.0,2675,0.0027,0.214,0.0623,0.2337,0.3396,0.2797,0.2168,0.296,0.617,0.1780087863033971,Badminton,0.6168071310421593,6456,28.6,0.2,1.4,8.7,7.9,52.2,0.1,2.1,4.5,56.7,0.3,68.9,98.5,10802,80.3,40.9,1.5,19.8,30.4,14.2,42.5,-0.38,58.2,8.7,100.0,,,4.1,4828.6,0.470347648261759,0.7479678595091312,0.7513934850031506,0.0482428814017623,0.0774957187129701,48.33431396484377,0.5113054936428503,0.603451379201728,0.8377016129032258,0.2868208551945557,0.6383597029383274,0.5755278087761374,0.798844716275909,0.2918518518518519,0.46497868009832727,0.21317175022267718,0.44221174961219134,0.6378970324174044,0.6787649608933948,0.09972303353092576,1.0000000000000002,0.7624502958855268,0.6357670645454505,0.31250000000000006,0.969914040114613,1.0,0.2629076086956522,0.11465892597968069,0.6711409395973156,0.5551869190645436,0.6245591535748638,0.0003594147855925378,0.3748792580591553,0.33326594213987054,0.2545051592693664,0.31952551099039156,0.28114366595845064,0.3529695578076975,0.5269693250186478,24,High
34.00533681017172,-118.29496473369548,3.457698222287889,3.861669906039869,1.5760031277492268,2.0986470264386217,2020,0.1820476472044598,0.1820510335213331,0.1812414384357499,0.2395291965588527,1.4311469906972705,2.069928337283227,1.4663413043540172,1.6880597626674898,12235584,1541,1506.0,Mediterranean,0.25,0.0666,0.1834,0.99003984063745,0.412250516173434,0.046728971962617,0.518145161290323,0.341301460823373,0.407834101382488,0.475944652940544,2.66,65,C,0.258300132802125,0.083001328021248,Yes,2234.0,2675,0.001,0.1229,0.0615,0.1356,0.4241,0.1437,0.1239,0.1971,0.5678,0.956307164399767,Diving,1.1464357936954903,7278,29.3,11.6,8.3,20.4,36.1,54.1,30.0,8.5,16.0,2.0,0.0,60.4,71.3,41416,24.6,17.4,12.1,8.9,35.3,35.3,51.7,3.76,92.7,10.8,100.0,11.97864156,0.229396662387677,4.1,3336.0,0.353783231083845,0.5441056731921927,0.552265319611234,0.0167226935312005,0.0224152482836428,48.66082153320315,0.5488000616790734,0.2676281330153444,0.6149193548387097,0.13467904011596232,0.9551178559896674,0.5042288891277515,0.9384981311586816,0.47111111111111115,0.09529868803724781,0.03352486914879003,0.3846081998639576,0.7216114222004687,0.7053347077241909,0.33882927613066527,1.0000000000000002,0.8669599448049818,0.7265470701720613,0.6875,0.17191977077363896,1.0,0.5896739130434783,0.5239477503628447,0.3859060402684562,0.5598245790747364,0.9416479640910548,0.0005040399410485286,0.5651903944310522,0.5024474661543852,0.1939305653668276,0.2822797256132654,0.279435960775309,0.4067389077370572,0.5269485642153762,25,High
34.00533681017172,-118.28448768770878,2.630634777102232,3.1663847212784426,1.634741902190075,2.2044001533496065,2021,0.1644037356645442,0.1682510450538594,0.1502936653382586,0.1834182713408586,1.4265033412311352,2.084103774619128,1.434440607503031,1.6533985015474963,12235584,1494,813.0,Mediterranean,0.25,0.0801,0.1699,1.0,0.666666666666667,0.11056511056511,0.5426944971537,0.351783517835178,0.254160673926443,0.467409372992642,3.08,67,C,0.316113161131611,0.035670356703567,Yes,2120.0,2675,0.0011,0.1487,0.0698,0.1714,0.3849,0.2011,0.1497,0.2412,0.5844,0.8480137920749511,Flag Football,0.9190604453300656,4937,26.0,9.9,11.8,31.0,49.6,50.1,22.4,16.7,18.7,0.0,0.0,76.0,87.0,34436,27.6,22.5,6.3,10.6,46.8,32.5,55.2,3.74,92.3,10.6,100.0,12.0084908,0.215853658536585,4.1,3892.1,0.39830108541765,0.6721456704130007,0.7125296149188207,0.0009595054241717,0.0113181594320799,48.95598110485032,0.5826947756554617,0.39274625388111406,0.546875,0.21607789029315683,0.8395221181788828,0.515583207601723,0.5407747196738023,0.39703703703703697,0.11038300206292281,0.045354972320940386,0.2733874327736756,0.5386632583130343,0.7322443474682563,0.9555234537419381,1.0000000000000002,0.7167008310331345,0.7886263781112727,0.6856884057971016,0.21489971346704867,1.0,0.6039402173913043,0.7198838896952104,0.9093959731543622,0.688968033250838,0.8002564924655338,0.0005040399410485286,0.4803555114557397,0.42703868128744066,0.1409539695074521,0.35522034851851764,0.21560054092944284,0.5433383646970552,0.5267961692125601,26,High
34.034282844077445,-118.26178742140424,3.5462370573159405,3.7262326294122303,1.1583798174177555,1.1703295554800746,2019,0.0185083486082763,0.0185083486082763,0.0863646858568728,0.1146003019582898,0.4453005038720322,0.5361978684727459,0.7079623041905155,0.8466212583836445,12235584,2046,1327.0,Mediterranean,0.3,0.0465,0.2535,0.94498869630746,0.593820648078372,0.014569536423841,0.329659318637274,0.247927656367747,0.158618258724004,0.421757187983479,4.19,57,,0.171816126601356,0.07611152976639,Yes,2554.0,2675,0.0064,0.2545,0.0965,0.2602,0.4287,0.2819,0.2609,0.3567,0.7106,0.9779585565878964,Fencing,1.1118686711793455,2672,22.4,11.6,11.0,23.9,29.0,50.2,11.1,17.7,17.1,1.2,0.5,59.5,99.3,22054,44.3,43.1,4.1,6.3,43.0,41.7,48.7,2.65,78.8,8.4,100.0,12.22607702,0.11206675224647,4.1,5940.3,0.547585338996382,1.07110542054726,1.0816716264937998,0.050005593724546,0.0549701338428154,52.58992919921877,1.0,0.8535751248706294,0.9682459677419355,0.8094353132092067,0.5527930255085567,0.8368098862660656,0.1559633027522936,0.36888888888888893,0.09264639133615804,0.10123344500816545,0.17968300699637652,0.7411963976886289,0.5140114644879703,0.08936073336650005,1.0000000000000002,0.7872574117500736,0.6263652014586346,0.5869565217391305,0.45415472779369614,1.0,0.486413043478261,0.42089985486211895,0.355704697986577,0.5506881409766305,0.42994549535107407,0.00014471715864861068,0.25802518407410385,0.22937179886127548,0.1503605166485825,0.4608212806187253,0.11254718287597863,0.3449318883637082,0.5267771589532628,27,High
34.027046335601014,-118.2670259443976,2.8847649097782404,3.4892098609048183,0.5200746129077063,1.3468489054937087,2019,0.0246338834610354,0.0609415520103565,0.0131440094095306,0.0972723455530827,0.4968768662500968,0.5461516353666991,0.6491989045240523,0.8079510438531917,12235584,1454,1877.0,Mediterranean,0.25,0.0631,0.1869,0.974960042621204,0.654672395273899,0.095238095238095,0.637870855148342,0.389451251997869,0.285050675675676,0.49393764163504,5.4,62,D,0.367607884922749,0.02184336707512,Yes,2387.0,2675,0.0029,0.1107,0.0662,0.1231,0.3204,0.1739,0.1137,0.1893,0.4943,1.3608544124310091,Badminton,1.4846464999586049,2476,25.7,3.8,6.5,29.0,41.7,49.3,18.4,9.1,26.3,0.6,1.1,61.4,96.5,26493,46.4,39.7,11.7,3.1,44.3,46.2,46.6,3.12,61.7,8.5,100.0,12.16525921,0.126572528883184,4.1,5520.4,0.518955482145666,0.4412920660885458,0.4482686865782493,0.0347902485335524,0.0504829538782942,50.12302903580369,0.7167129800987375,0.7591009314673984,0.632560483870968,0.6435852009686585,0.995479496286729,0.7494878185384983,0.12266394835202177,0.3022222222222223,0.05873073445073893,0.4817609245097036,0.24134445738367166,0.5948773751769579,0.22158855877302852,0.169519712354153,1.0000000000000002,0.5291408351539822,0.5030252962916244,0.6295289855072465,0.484240687679083,1.0,0.43342391304347816,0.6052249637155297,0.41946308724832204,0.5953136061989431,0.9666559794806028,0.00026528999617614346,0.5800997036868321,0.5156736577212037,0.18088473088084564,0.4461802960563325,0.12140236718376275,0.2994578031446588,0.5266519258677542,28,High
33.996653,-118.28448768770878,2.299747214037611,2.803916017476121,2.009775375882194,2.361175991896532,2021,0.1676984524853508,0.2265592374667158,0.1595874317592067,0.1970664664227933,2.389725630886653,3.017601713207394,2.3958103359143,2.587896696832753,12235584,1220,1454.0,Mediterranean,0.3,0.0814,0.2186,1.0,0.497936726272352,0.134114583333333,0.431102362204724,0.301237964236589,0.146187775677379,0.499820867008671,3.47,60,C,0.238651994497937,0.062585969738652,Yes,2471.0,2675,0.0012,0.1601,0.0628,0.1836,0.3636,0.2486,0.1612,0.2464,0.6122,1.8106607257166032,Flag Football,1.8546941419029075,5987,37.5,6.4,5.0,29.9,47.9,52.0,24.4,10.6,17.0,0.2,0.0,71.8,82.1,36858,26.3,19.7,14.6,10.2,47.5,37.6,49.4,3.96,92.3,10.6,100.0,11.99843255,0.221758664955071,4.1,3688.2,0.382727701746107,0.3124232705795595,0.3293733505350818,0.0135733729606743,0.0170374511001905,49.03286457632235,0.5915237059202454,0.3468703595374161,0.7923387096774193,0.18864905174334012,0.8001291572489505,0.5439021968254742,0.7191641182466871,0.5155555555555555,0.03625242729511675,0.03821273866352012,0.32729620994021985,0.46547023730813275,0.9040561662385529,0.41142571019619445,1.0000000000000002,0.726747215811461,0.7015398659108681,0.7056159420289856,0.19627507163323782,1.0,0.5923913043478259,0.695210449927431,0.768456375838926,0.659658190629401,0.7835844822058351,0.0007714495830426493,0.4704592691567181,0.418271733648532,0.1780171275991372,0.3587895390372487,0.22961133923459717,0.4627765186011559,0.5260785866741342,29,High
34.00388950847643,-118.2967109080266,3.36745705968725,3.921379292546901,1.560867425688853,2.056680489640576,2020,0.020715766362043,0.0207163916059558,0.0711808732201504,0.1516565258116119,1.592222513417661,2.1176714953118227,1.6624450834955078,1.8356917817810967,12235584,991,811.0,Mediterranean,0.3,0.0932,0.2068,0.995067817509248,0.261405672009864,0.120879120879121,0.349417637271215,0.258939580764488,0.107124810510359,0.475944652940544,1.37,66,C,0.109741060419235,0.149198520345253,Yes,2185.0,2675,0.0007,0.1518,0.0486,0.1708,0.4135,0.1864,0.1525,0.2194,0.5995,1.1796548103733706,Diving,1.3715098105251975,7278,29.3,11.6,8.3,20.4,36.1,54.1,30.0,8.5,16.0,2.0,0.0,60.4,71.3,41416,24.6,17.4,12.1,8.9,35.3,35.3,51.7,3.76,92.7,10.8,100.0,11.97864156,0.229396662387677,4.1,3336.0,0.353783231083845,0.3722067773296784,0.3746644005104351,0.0160135785423131,0.0205694881491767,48.72608765598314,0.5562949111655069,0.2676281330153444,0.7328629032258065,0.13467904011596232,0.8414594769131417,0.5065848928871524,0.9384981311586816,0.47111111111111115,0.07225102539271863,0.11446658290469885,0.3990817126418026,0.701649888292815,0.6984006800125926,0.3599499340769384,1.0000000000000002,0.8264588146384935,0.7172918634041678,0.6875,0.17191977077363896,1.0,0.5896739130434783,0.5239477503628447,0.3859060402684562,0.5598245790747364,0.870150689323501,0.0005160891072542029,0.5222968492370023,0.46432120922258585,0.2021687666518689,0.2835986744261705,0.2862580653113652,0.40155761550397157,0.525610076490899,30,High
34.02415173221044,-118.25829507274202,2.392516915825942,2.890119501442465,0.4239829858029348,1.465290075768941,2020,0.1133905837283838,0.1133905837283838,0.1130985618059495,0.138463293577824,0.3826881982580117,0.7633346967289917,0.3913419426260868,1.1031386675325967,12235584,1509,1626.0,Mediterranean,0.3,0.0872,0.2128,1.0,0.688191881918819,0.157983193277311,0.608308605341246,0.378228782287823,0.194018255972033,0.462273343712644,5.08,58,D,0.301353013530135,0.076875768757687,Yes,2531.0,2675,0.0009,0.1368,0.0825,0.1554,0.3894,0.1741,0.1377,0.238,0.5634,2.030431801518984,Badminton,2.12664657052658,5345,30.6,7.0,6.5,28.8,59.1,49.9,25.5,10.4,22.7,0.0,0.0,61.9,82.7,31615,33.5,24.4,7.2,8.3,50.2,39.8,56.0,3.11,63.5,9.6,100.0,12.15802236,0.127792041078306,4.1,5657.4,0.52807928268051,0.3769541005767996,0.3990143044081524,0.027570339671438,0.0306258173054191,50.00766362491486,0.7034649679030851,0.7899248526301577,0.7631048387096775,0.62385031763813,0.8911850177591217,0.7543059989280344,0.6100917431192661,0.4222222222222223,0.028721509810917166,0.08789822695855179,0.28723342552773934,0.4859910893725715,0.1775666823817456,0.22323777150918292,1.0000000000000002,0.43732695096253454,0.46482449884520693,0.6286231884057971,0.29942693409742116,1.0,0.4286684782608695,0.8577648766328011,0.43624161073825474,0.6084541813558572,0.8105161910868868,0.00034735976836630655,0.48644865855947855,0.43243740313824386,0.2166618959682226,0.45896063906956924,0.1335131330725235,0.282824409919007,0.5255769233465895,31,High
34.02994093899159,-118.2670259443976,3.1878542230550746,3.6366813689627,0.77406225547831,1.219475009766731,2019,0.0224841324383211,0.0224841324383211,0.0401265287375656,0.1002273729307999,0.2122514170595147,0.3134472064624833,0.4153255847131984,0.7163362301561147,12235584,1454,1877.0,Mediterranean,0.25,0.0631,0.1869,0.974960042621204,0.654672395273899,0.095238095238095,0.637870855148342,0.389451251997869,0.285050675675676,0.49393764163504,5.4,62,D,0.367607884922749,0.02184336707512,Yes,2387.0,2675,0.0029,0.1107,0.0662,0.1231,0.3204,0.1739,0.1137,0.1893,0.4943,1.1794038083438598,Fencing,1.3990034130141165,2476,25.7,3.8,6.5,29.0,41.7,49.3,18.4,9.1,26.3,0.6,1.1,61.4,96.5,26493,46.4,39.7,11.7,3.1,44.3,46.2,46.6,3.12,61.7,8.5,100.0,12.16525921,0.126572528883184,4.1,5520.4,0.518955482145666,0.6856078111140852,0.692309025845681,0.0179998907086418,0.040625773567119,49.56981759852456,0.6531848236835449,0.7591009314673984,0.632560483870968,0.6435852009686585,0.995479496286729,0.7367821872554597,0.12266394835202177,0.3022222222222223,0.07227241019938357,0.22283012604228075,0.17999717670397708,0.6619213651884533,0.33794638247774605,0.31491471394365766,1.0000000000000002,0.6389410163137774,0.5907446955847269,0.6295289855072465,0.484240687679083,1.0,0.43342391304347816,0.6052249637155297,0.41946308724832204,0.5953136061989431,0.9666559794806028,0.00029913514777391015,0.5801132417474711,0.5156894521252826,0.13261871355176372,0.4386164608781927,0.10633237735810123,0.35167835507144063,0.5250488756119474,32,High
34.01980982712458,-118.2775029903843,2.737844510456481,3.4639826182001285,1.4245492330853124,1.8657816244918592,2021,0.0988399700075173,0.1005420442907365,0.1243777227010346,0.1452877913644687,0.1745391145391424,0.672661421664746,0.2627960304688054,0.7119809633061388,12235584,1587,2136.0,Mediterranean,0.25,0.0361,0.2139,0.883895131086142,0.757022471910112,0.298117154811715,0.295330503335355,0.227996254681648,0.144225188624492,0.633206421457944,3.68,56,D,0.172284644194757,0.055711610486891,Yes,2585.0,2675,0.0027,0.1337,0.0628,0.1451,0.3429,0.1776,0.1364,0.2079,0.5199,0.2786882299098038,Badminton,0.6907009905583053,3339,25.6,11.2,5.5,45.3,43.1,44.8,22.5,19.8,18.2,25.4,0.0,67.3,92.0,29226,55.0,33.9,11.1,14.4,36.2,43.4,33.8,-0.44,41.7,5.7,100.0,12.08083341,0.170410783055199,4.1,4508.8,0.448324681453516,0.7068689681419038,0.7170921503557784,0.0786632597461422,0.1309160543482821,48.820084573821234,0.567089067787311,0.5314988975385861,0.7686491935483872,0.4133561215920949,0.9244430093639004,0.641007257966056,0.26928304451240237,0.4103703703703704,0.33158690680733643,0.09358212005131522,0.2762056104353561,0.5623782755613403,0.6359500502804817,0.03267213919485373,1.0000000000000002,0.6924685040188079,0.5846937938110968,0.3070652173913044,0.6074498567335243,1.0,0.2235054347826088,0.625544267053701,0.61744966442953,0.5635024067317781,0.9070214812439884,0.29320456947619533,0.6614947165368712,0.620573589085685,0.17704980098000825,0.36120913259641024,0.1614957062373582,0.329476360013687,0.5248750586792104,33,High
34.011126016952865,-118.29147238503325,3.3916830712770825,3.941661427524943,1.608428110782791,1.9055640836592305,2020,0.0059686645026832,0.0059707983107566,0.0080720839257461,0.027191733794866,0.7875829477559387,1.5814815517304277,0.78968117196553,1.1579547724963246,12235584,1397,1858.0,Mediterranean,0.3,0.121,0.179,0.971474703982777,0.33799784714747,0.160270880361174,0.510569105691057,0.33799784714747,0.191676040494938,0.533113760531744,-3.54,68,D,0.279332615715823,0.058665231431647,Yes,2045.0,2675,0.0022,0.2915,0.0335,0.316,0.2139,0.3787,0.2937,0.3495,0.5926,0.2537860194128009,Diving,0.4800385372741383,4671,32.9,8.9,13.3,24.3,52.8,55.3,22.1,9.4,22.4,1.1,0.0,66.4,90.1,28113,28.3,32.5,10.4,11.4,42.9,40.4,43.7,5.43,66.9,7.9,100.0,12.00727367,0.216302952503209,4.1,3928.8,0.401761837344659,0.1975662392524793,0.2042867929058407,0.0063971321053443,0.0495441736102829,48.41972191435918,0.5211133342084784,0.4010034648787292,0.592741935483871,0.21275877789645392,0.3726186632224734,0.4200472351380012,0.49558273870200475,0.48444444444444446,0.35751341287996596,0.6187054483934742,0.4890615111049723,0.7070087327254578,0.7201893692394618,0.6452795464698015,1.0000000000000002,0.8280902166513688,0.780113573017218,0.838768115942029,0.2249283667621776,1.0,0.43817934782608703,0.7663280116110304,0.5872483221476512,0.6425753607148291,0.4530298172491184,0.0005304708333206953,0.27203007868279927,0.2418634555884128,0.2054289355520565,0.26991200363606777,0.38152352285329977,0.501281760580073,0.5248749125871527,34,High
34.0284936372963,-118.26877211872872,3.0927528609820545,3.623477025305261,0.7474905265937933,1.3072629469032009,2019,0.0228078186601034,0.0248704284357657,0.0588398476678149,0.1316777624498364,0.4285410603831321,0.4313474414830164,0.4513909795005028,0.695519331759055,12235584,1454,1877.0,Mediterranean,0.25,0.0631,0.1869,0.974960042621204,0.654672395273899,0.095238095238095,0.637870855148342,0.389451251997869,0.285050675675676,0.49393764163504,5.4,62,D,0.367607884922749,0.02184336707512,Yes,2387.0,2675,0.0029,0.1107,0.0662,0.1231,0.3204,0.1739,0.1137,0.1893,0.4943,1.3132516604288345,Badminton,1.369204193262627,2476,25.7,3.8,6.5,29.0,41.7,49.3,18.4,9.1,26.3,0.6,1.1,61.4,96.5,26493,46.4,39.7,11.7,3.1,44.3,46.2,46.6,3.12,61.7,8.5,100.0,12.16525921,0.126572528883184,4.1,5520.4,0.518955482145666,0.6684793967457534,0.6748373319044733,0.0760900565210271,0.0856450304174191,50.15578613281252,0.7204746484993763,0.7591009314673984,0.632560483870968,0.6435852009686585,0.995479496286729,0.750240152218626,0.12266394835202177,0.3022222222222223,0.06194686883866438,0.1580880580886228,0.16123027437538281,0.6408847449923479,0.3257732369113642,0.037469227031873165,1.0000000000000002,0.6195851080522586,0.5247424633975688,0.6295289855072465,0.484240687679083,1.0,0.43342391304347816,0.6052249637155297,0.41946308724832204,0.5953136061989431,0.9666559794806028,0.2930787755797071,0.6972250979202445,0.652319950993518,0.12096142558963804,0.4466281705325143,0.08460437135000429,0.3123863282109236,0.5248571429681406,35,High
34.03573014577273,-118.26004124707312,3.653334150113277,3.690010080786785,1.1656365845170034,1.1656365845170034,2019,0.0633775218887081,0.0633775218887081,0.0534174232976033,0.1125947627192148,0.6646627589704942,0.708949991545779,0.7893558871640906,0.922835970927536,12235584,2046,1327.0,Mediterranean,0.3,0.0465,0.2535,0.94498869630746,0.593820648078372,0.014569536423841,0.329659318637274,0.247927656367747,0.158618258724004,0.421757187983479,4.19,57,,0.171816126601356,0.07611152976639,Yes,2554.0,2675,0.0064,0.2545,0.0965,0.2602,0.4287,0.2819,0.2609,0.3567,0.7106,1.009269005593304,Fencing,1.0844337247706486,2672,22.4,11.6,11.0,23.9,29.0,50.2,11.1,17.7,17.1,1.2,0.5,59.5,99.3,22054,44.3,43.1,4.1,6.3,43.0,41.7,48.7,2.65,78.8,8.4,100.0,12.22607702,0.11206675224647,4.1,5940.3,0.547585338996382,1.2570281362357696,1.264560308212414,0.0615012729353981,0.0785558783042037,51.55901489257815,0.8816147300839683,0.8535751248706294,0.9682459677419355,0.8094353132092067,0.5527930255085567,0.8131328322828593,0.1559633027522936,0.36888888888888893,0.08899398640088571,0.16184909108075562,0.19392381728070598,0.7648864986101569,0.5173359633425386,0.05690215761888365,1.0000000000000002,0.8025614338833577,0.6283372106909875,0.5869565217391305,0.45415472779369614,1.0,0.486413043478261,0.42089985486211895,0.355704697986577,0.5506881409766305,0.42994549535107407,0.00012059989742718713,0.2580155371696153,0.22936054413937215,0.15768582279256416,0.4477826077769101,0.12184955043670752,0.34601785046186134,0.5236275217036636,36,High
34.00533681017172,-118.30020325668885,3.6498307700817314,4.223553605276343,1.225845513184891,1.884589251110362,2020,0.0028231727193667,0.0619552943286155,0.1621193682919542,0.1756771228420078,1.433449045021688,1.911260834080063,1.640264567483435,1.7493482986037474,12235584,1101,1006.0,Mediterranean,0.3,0.0868,0.2132,0.970178926441352,0.433399602385686,0.077389984825493,0.21351025331725,0.175944333996024,0.065019505851756,0.475944652940544,2.66,66,C,0.124254473161034,0.05168986083499,Yes,2185.0,2675,0.0009,0.1432,0.0519,0.1628,0.4402,0.1769,0.1442,0.2147,0.6171,1.284697129026302,Diving,1.5005912497009697,7278,29.3,11.6,8.3,20.4,36.1,54.1,30.0,8.5,16.0,2.0,0.0,60.4,71.3,41416,24.6,17.4,12.1,8.9,35.3,35.3,51.7,3.76,92.7,10.8,100.0,11.97864156,0.229396662387677,4.1,3336.0,0.353783231083845,0.6118395575942595,0.6202851880193189,0.0101208313867234,0.0196300690923273,48.33867797851565,0.5118066361074902,0.2676281330153444,0.7651209677419355,0.13467904011596232,0.8672909267032612,0.5093051407367988,0.9384981311586816,0.47111111111111115,0.06398217294727829,0.039408559225447816,0.3782499936106297,0.7641115436198209,0.5449191159576919,0.4781352828168981,1.0000000000000002,0.8336571930273752,0.7241646270843572,0.6875,0.17191977077363896,1.0,0.5896739130434783,0.5239477503628447,0.3859060402684562,0.5598245790747364,0.8852196216736133,0.0005040399410485286,0.5313333889805875,0.4723523501984164,0.192644666229555,0.28512153603357776,0.2739152655677022,0.40540515753831374,0.5233958879216206,37,High
33.996653,-118.2862338620399,2.3194018581607385,2.9163360692323472,2.141850516539322,2.387417604398241,2020,0.3290242238191371,0.3816940475924436,0.3179904403752865,0.3447612571622112,2.389672094599672,2.96707843640141,2.3934879106259896,2.5870489015098137,12235584,1220,1454.0,Mediterranean,0.3,0.0814,0.2186,1.0,0.497936726272352,0.134114583333333,0.431102362204724,0.301237964236589,0.146187775677379,0.499820867008671,3.47,60,C,0.238651994497937,0.062585969738652,Yes,2471.0,2675,0.0012,0.1601,0.0628,0.1836,0.3636,0.2486,0.1612,0.2464,0.6122,1.7901441837420888,Diving,1.8415678116990928,5987,37.5,6.4,5.0,29.9,47.9,52.0,24.4,10.6,17.0,0.2,0.0,71.8,82.1,36858,26.3,19.7,14.6,10.2,47.5,37.6,49.4,3.96,92.3,10.6,100.0,11.99843255,0.221758664955071,4.1,3688.2,0.382727701746107,0.2452620979083525,0.2601221489645925,0.0295380590882648,0.0364682831752093,49.28911296328402,0.6209500454914352,0.3468703595374161,0.7923387096774193,0.18864905174334012,0.8001291572489505,0.5497874647397122,0.7191641182466871,0.5155555555555555,0.0370448450908157,0.005333878714960473,0.31927459940200464,0.46981788569607474,0.9645629522255358,0.22333694843376758,1.0000000000000002,0.7850505878923271,0.688553674849541,0.7056159420289856,0.19627507163323782,1.0,0.5923913043478259,0.695210449927431,0.768456375838926,0.659658190629401,0.7835844822058351,0.0007714495727388915,0.47045926915259656,0.41827173364372355,0.17553317256101536,0.36267180422092415,0.21983769870436537,0.4542100713024731,0.5232415262011055,38,High
34.00388950847643,-118.29321855936436,3.2535428950265004,3.671245073548931,1.801801724190128,2.216434982670857,2020,0.0210400201321793,0.0210419112323563,0.1090692835460886,0.1330715503843149,1.5912210796334871,2.2237296241303386,1.5998795042429714,1.8314435462137617,12235584,1541,1506.0,Mediterranean,0.25,0.0666,0.1834,0.99003984063745,0.412250516173434,0.046728971962617,0.518145161290323,0.341301460823373,0.407834101382488,0.475944652940544,2.66,65,C,0.258300132802125,0.083001328021248,Yes,2234.0,2675,0.001,0.1229,0.0615,0.1356,0.4241,0.1437,0.1239,0.1971,0.5678,1.0281421127954893,Diving,1.189108651318039,7278,29.3,11.6,8.3,20.4,36.1,54.1,30.0,8.5,16.0,2.0,0.0,60.4,71.3,41416,24.6,17.4,12.1,8.9,35.3,35.3,51.7,3.76,92.7,10.8,100.0,11.97864156,0.229396662387677,4.1,3336.0,0.353783231083845,0.457699052690523,0.4800531476617751,0.0416699443495387,0.0461969023010412,48.77113934749094,0.5614684320148813,0.2676281330153444,0.6149193548387097,0.13467904011596232,0.9551178559896674,0.5067625631949131,0.9384981311586816,0.47111111111111115,0.0868903470565014,0.06947409365164472,0.39149342074448473,0.6764518368171186,0.8087784540873217,0.13434770487618045,1.0000000000000002,0.8574607738462191,0.695407753925368,0.6875,0.17191977077363896,1.0,0.5896739130434783,0.5239477503628447,0.3859060402684562,0.5598245790747364,0.9416479640910548,0.0005160890969508891,0.5651952140934131,0.5024530890938063,0.19839420937041966,0.28369813863142673,0.2722475603964812,0.389306353126577,0.5232026707002598,39,High
34.00533681017172,-118.2967109080266,3.5155103831780377,3.9864942711318414,1.4507652511070248,2.020203938342403,2020,0.1812507858486851,0.1812513814384016,0.1915406283612811,0.2460438152140487,1.431684308129871,2.016698259235736,1.5093795529277654,1.6972627077387792,12235584,991,811.0,Mediterranean,0.3,0.0932,0.2068,0.995067817509248,0.261405672009864,0.120879120879121,0.349417637271215,0.258939580764488,0.107124810510359,0.475944652940544,1.37,66,C,0.109741060419235,0.149198520345253,Yes,2185.0,2675,0.0007,0.1518,0.0486,0.1708,0.4135,0.1864,0.1525,0.2194,0.5995,1.0525178612451864,Diving,1.254600888885699,7278,29.3,11.6,8.3,20.4,36.1,54.1,30.0,8.5,16.0,2.0,0.0,60.4,71.3,41416,24.6,17.4,12.1,8.9,35.3,35.3,51.7,3.76,92.7,10.8,100.0,11.97864156,0.229396662387677,4.1,3336.0,0.353783231083845,0.5325689477899642,0.5346590729682604,0.0137908416295076,0.016148305651854,48.71244593431952,0.5547283610741314,0.2676281330153444,0.7328629032258065,0.13467904011596232,0.8414594769131417,0.5062715828688773,0.9384981311586816,0.47111111111111115,0.08427532683650915,0.03021780295812642,0.38102559301610706,0.7343995931041452,0.6479602361790422,0.39244470457403835,1.0000000000000002,0.856220451394833,0.7262049970504117,0.6875,0.17191977077363896,1.0,0.5896739130434783,0.5239477503628447,0.3859060402684562,0.5598245790747364,0.870150689323501,0.0005040399410485286,0.52229202957052,0.46431558627835656,0.19290243008981717,0.28342327577706977,0.2767026896523934,0.40654740679571694,0.5227841180138184,40,High
34.00388950847643,-118.30369560535108,3.670550983439659,4.238825885406494,1.200162922602202,1.8056127064336176,2020,0.0184694827768418,0.0184694827768418,0.0624549224654553,0.142017810237631,1.594450018891257,1.905101268394456,1.6727366604742822,1.973143699199703,12235584,1101,1006.0,Mediterranean,0.3,0.0868,0.2132,0.970178926441352,0.433399602385686,0.077389984825493,0.21351025331725,0.175944333996024,0.065019505851756,0.475944652940544,2.66,66,C,0.124254473161034,0.05168986083499,Yes,2185.0,2675,0.0009,0.1432,0.0519,0.1628,0.4402,0.1769,0.1442,0.2147,0.6171,1.6386160060504762,Diving,1.8563030221511605,7278,29.3,11.6,8.3,20.4,36.1,54.1,30.0,8.5,16.0,2.0,0.0,60.4,71.3,41416,24.6,17.4,12.1,8.9,35.3,35.3,51.7,3.76,92.7,10.8,100.0,11.97864156,0.229396662387677,4.1,3336.0,0.353783231083845,0.6764895368571057,0.7236844953688278,0.0361099243409402,0.0569754437428615,49.51372680664065,0.6467436253276704,0.2676281330153444,0.7651209677419355,0.13467904011596232,0.8672909267032612,0.5362925385808348,0.9384981311586816,0.47111111111111115,0.04347650927451752,0.1315544831505892,0.3961600586737249,0.7686948981511504,0.5331533059479775,0.15339861037839195,1.0000000000000002,0.8139878877365895,0.6538469404428219,0.6875,0.17191977077363896,1.0,0.5896739130434783,0.5239477503628447,0.3859060402684562,0.5598245790747364,0.8852196216736133,0.0005160890969508891,0.5313382086429483,0.47235797313783756,0.21245768355046438,0.30022974467193764,0.2590280422894638,0.366039588212707,0.5219066485062402,41,High
34.034282844077445,-118.26004124707312,3.5263539612289097,3.699465243614093,1.1833068815604608,1.2471536128247394,2019,0.154374798376088,0.154374798376088,0.2083296550539038,0.2247692883941372,0.5234929384348354,0.6365218884696598,0.8671491144112548,0.9018868699033952,12235584,2046,1327.0,Mediterranean,0.3,0.0465,0.2535,0.94498869630746,0.593820648078372,0.014569536423841,0.329659318637274,0.247927656367747,0.158618258724004,0.421757187983479,4.19,57,,0.171816126601356,0.07611152976639,Yes,2554.0,2675,0.0064,0.2545,0.0965,0.2602,0.4287,0.2819,0.2609,0.3567,0.7106,1.100053442162162,Fencing,1.2036039916057262,2672,22.4,11.6,11.0,23.9,29.0,50.2,11.1,17.7,17.1,1.2,0.5,59.5,99.3,22054,44.3,43.1,4.1,6.3,43.0,41.7,48.7,2.65,78.8,8.4,100.0,12.22607702,0.11206675224647,4.1,5940.3,0.547585338996382,1.1012198542289848,1.107966373573925,0.028188927718217,0.0402089627402424,51.816270355953534,0.9111567174954258,0.8535751248706294,0.9682459677419355,0.8094353132092067,0.5527930255085567,0.8190412297651507,0.1559633027522936,0.36888888888888893,0.07948131477943779,0.03137648439881963,0.15892749770486,0.7367982152484618,0.5254311497357942,0.1988453494618719,1.0000000000000002,0.8111344395391875,0.6544418307970631,0.5869565217391305,0.45415472779369614,1.0,0.486413043478261,0.42089985486211895,0.355704697986577,0.5506881409766305,0.42994549535107407,0.00014471716894748354,0.25802518407822345,0.22937179886608164,0.1301681731636867,0.4510362922025842,0.10400880256196463,0.36039335517897725,0.5218730105482756,42,High
34.00388950847643,-118.29496473369548,3.307056690533745,3.7951122008963454,1.677909293123786,2.1322440005368115,2020,0.0215104748102573,0.0215137579214088,0.0691271071291284,0.1483324934104913,1.591685002803951,2.170850113989435,1.623469023119669,1.8278533961333248,12235584,1541,1506.0,Mediterranean,0.25,0.0666,0.1834,0.99003984063745,0.412250516173434,0.046728971962617,0.518145161290323,0.341301460823373,0.407834101382488,0.475944652940544,2.66,65,C,0.258300132802125,0.083001328021248,Yes,2234.0,2675,0.001,0.1229,0.0615,0.1356,0.4241,0.1437,0.1239,0.1971,0.5678,1.0946742608895672,Diving,1.2732841477413794,7278,29.3,11.6,8.3,20.4,36.1,54.1,30.0,8.5,16.0,2.0,0.0,60.4,71.3,41416,24.6,17.4,12.1,8.9,35.3,35.3,51.7,3.76,92.7,10.8,100.0,11.97864156,0.229396662387677,4.1,3336.0,0.353783231083845,0.3876532659927773,0.3993250019573668,0.0607473532377613,0.0644126310390585,48.82369384765627,0.5675035395376877,0.2676281330153444,0.6149193548387097,0.13467904011596232,0.9551178559896674,0.5079695846994744,0.9384981311586816,0.47111111111111115,0.08000466770200967,0.1183231525108365,0.40198426562065975,0.6882892003080179,0.7520203633925787,0.07851613497738683,1.0000000000000002,0.8367210278862252,0.6711093453128417,0.6875,0.17191977077363896,1.0,0.5896739130434783,0.5239477503628447,0.3859060402684562,0.5598245790747364,0.9416479640910548,0.0005160891072542029,0.5651952140975345,0.5024530890986144,0.20419578046304973,0.2843738589371519,0.26977539732674444,0.3757035067528835,0.5213278066486475,43,High
34.00823141356229,-118.2967109080266,3.793659431321304,4.129620734496394,1.2634002878911772,1.946709465540847,2020,0.2928842125859387,0.2928842125859387,0.2980020975074268,0.3178053201291719,1.110607784046633,1.8225627065685,1.2090771574436951,1.433495180877717,12235584,1157,1218.0,Mediterranean,0.3,0.1068,0.1932,0.913793103448276,0.32183908045977,0.009022556390977,0.403225806451613,0.28735632183908,0.107124810510359,0.475944652940544,2.51,70,C,0.21264367816092,0.074712643678161,Yes,1897.0,2675,0.0013,0.1711,0.065,0.1946,0.3878,0.2359,0.1724,0.2596,0.6231,0.8335740658848805,Diving,1.0551508242952126,7278,29.3,11.6,8.3,20.4,36.1,54.1,30.0,8.5,16.0,2.0,0.0,60.4,71.3,41416,24.6,17.4,12.1,8.9,35.3,35.3,51.7,3.76,92.7,10.8,100.0,11.97864156,0.229396662387677,4.1,3336.0,0.353783231083845,0.7776916617967109,0.783827807851139,0.0046618978101224,0.0087153563292532,48.84164300104704,0.5695647344937012,0.2676281330153444,0.6643145161290325,0.13467904011596232,0.7646109137875363,0.48015946750831534,0.9384981311586816,0.47111111111111115,0.1126587496534269,0.012286243947607134,0.3836385589677067,0.7959267443052542,0.562123857929852,0.6875899704112141,1.0000000000000002,0.8933016023576437,0.7877884350007929,0.6875,0.17191977077363896,1.0,0.5896739130434783,0.5239477503628447,0.3859060402684562,0.5598245790747364,0.741263225392754,0.00047994026139042134,0.44494991134020856,0.3955643589981177,0.1842076861895915,0.2688050717865922,0.30222601997512905,0.44102332902426417,0.521045289755602,44,High
34.006784111867006,-118.2967109080266,3.664615231455167,4.055946902666041,1.350806249600666,1.98784127954546,2020,0.3199244371581584,0.3272152923117229,0.3128001887935762,0.3313361489025945,1.2711460650086692,1.918336726125473,1.358040719193872,1.562845170172757,12235584,991,811.0,Mediterranean,0.3,0.0932,0.2068,0.995067817509248,0.261405672009864,0.120879120879121,0.349417637271215,0.258939580764488,0.107124810510359,0.475944652940544,1.37,66,C,0.109741060419235,0.149198520345253,Yes,2185.0,2675,0.0007,0.1518,0.0486,0.1708,0.4135,0.1864,0.1525,0.2194,0.5995,0.935706820173968,Diving,1.1480646723823495,7278,29.3,11.6,8.3,20.4,36.1,54.1,30.0,8.5,16.0,2.0,0.0,60.4,71.3,41416,24.6,17.4,12.1,8.9,35.3,35.3,51.7,3.76,92.7,10.8,100.0,11.97864156,0.229396662387677,4.1,3336.0,0.353783231083845,0.69301270764805,0.6949035231412072,0.0175126060650891,0.0255977106897557,48.68905029296877,0.5520417174818117,0.2676281330153444,0.7328629032258065,0.13467904011596232,0.8414594769131417,0.5057342541504133,0.9384981311586816,0.47111111111111115,0.09792517944126067,0.009536211706251144,0.37926765835432613,0.7673818973974897,0.6021666229258176,0.3220335790248522,1.0000000000000002,0.8882557926173755,0.715967578393107,0.6875,0.17191977077363896,1.0,0.5896739130434783,0.5239477503628447,0.3859060402684562,0.5598245790747364,0.870150689323501,0.0004919903267937009,0.522287209724818,0.4643099631250376,0.1918086463211989,0.2831224659534309,0.2715433469147711,0.40081624820507944,0.5201353896860411,45,High
34.02994093899159,-118.26527977006648,3.140970755940266,3.613408187874009,0.708166982998441,1.2195266578465649,2019,0.0106768565350856,0.0474283766233298,0.1162181762088394,0.1270658648189473,0.1346789831361301,0.3126760532258389,0.5169292109219253,0.7528137523857649,12235584,1454,1877.0,Mediterranean,0.25,0.0631,0.1869,0.974960042621204,0.654672395273899,0.095238095238095,0.637870855148342,0.389451251997869,0.285050675675676,0.49393764163504,5.4,62,D,0.367607884922749,0.02184336707512,Yes,2387.0,2675,0.0029,0.1107,0.0662,0.1231,0.3204,0.1739,0.1137,0.1893,0.4943,1.220124940513959,Fencing,1.4469000874976736,2476,25.7,3.8,6.5,29.0,41.7,49.3,18.4,9.1,26.3,0.6,1.1,61.4,96.5,26493,46.4,39.7,11.7,3.1,44.3,46.2,46.6,3.12,61.7,8.5,100.0,12.16525921,0.126572528883184,4.1,5520.4,0.518955482145666,0.6159829418259304,0.6248234756010344,0.0417480292532938,0.0891243542352939,49.56844556272947,0.6530272656528826,0.7591009314673984,0.632560483870968,0.6435852009686585,0.995479496286729,0.7367506756493273,0.12266394835202177,0.3022222222222223,0.0689094189526635,0.07872256691378879,0.1431295391101741,0.6515506442053663,0.3077581795376935,0.12777727015682638,1.0000000000000002,0.6320440314473553,0.5438260250694483,0.6295289855072465,0.484240687679083,1.0,0.43342391304347816,0.6052249637155297,0.41946308724832204,0.5953136061989431,0.9666559794806028,0.293058193613819,0.6972168651338893,0.6523103460761036,0.10545078464479758,0.4385977015903089,0.07783756832430812,0.32374703212893013,0.5201008680236832,46,High
34.022704430515155,-118.25829507274202,2.232545088978967,2.738794094412795,0.4425198487643595,1.3770473954646627,2020,0.1899926187528189,0.1899926187528189,0.1933867787769076,0.2354208765188288,0.5227432372428781,0.8815668555975452,0.5229620090821682,1.1706129164915775,12235584,1509,1626.0,Mediterranean,0.3,0.0872,0.2128,1.0,0.688191881918819,0.157983193277311,0.608308605341246,0.378228782287823,0.194018255972033,0.462273343712644,5.08,58,D,0.301353013530135,0.076875768757687,Yes,2531.0,2675,0.0009,0.1368,0.0825,0.1554,0.3894,0.1741,0.1377,0.238,0.5634,2.0110347915442506,Badminton,2.207046883360661,5345,30.6,7.0,6.5,28.8,59.1,49.9,25.5,10.4,22.7,0.0,0.0,61.9,82.7,31615,33.5,24.4,7.2,8.3,50.2,39.8,56.0,3.11,63.5,9.6,100.0,12.15802236,0.127792041078306,4.1,5657.4,0.52807928268051,0.4187377614901234,0.4412098656748855,0.0236338841498413,0.0290389506903213,49.60198364257815,0.6568786183887747,0.7899248526301577,0.7631048387096775,0.62385031763813,0.8911850177591217,0.7449887290251723,0.6100917431192661,0.4222222222222223,0.029323099424888095,0.04376365088724623,0.2763501789134057,0.4506049866911709,0.18605886338186803,0.2562526122774855,1.0000000000000002,0.4258316766387386,0.4637496277978526,0.6286231884057971,0.29942693409742116,1.0,0.4286684782608695,0.8577648766328011,0.43624161073825474,0.6084541813558572,0.8105161910868868,0.00035941479589318703,0.4864534805704893,0.4324430288177565,0.20587776855457707,0.4532915072383517,0.12815729261296185,0.2821704001358259,0.5198465190806278,47,High
34.02125712881987,-118.26004124707312,2.0939284454477183,2.643082862330985,0.3911910326464378,1.2764914449728035,2021,0.0223158292909931,0.0554687153925342,0.1127657311921413,0.1299781302731492,0.7468549301026254,1.0093073932603238,0.7446487206985177,1.2815424011750938,12235584,1509,1626.0,Mediterranean,0.3,0.0872,0.2128,1.0,0.688191881918819,0.157983193277311,0.608308605341246,0.378228782287823,0.194018255972033,0.462273343712644,5.08,58,D,0.301353013530135,0.076875768757687,Yes,2531.0,2675,0.0009,0.1368,0.0825,0.1554,0.3894,0.1741,0.1377,0.238,0.5634,1.8430692609280468,Badminton,2.130934518533197,5345,30.6,7.0,6.5,28.8,59.1,49.9,25.5,10.4,22.7,0.0,0.0,61.9,82.7,31615,33.5,24.4,7.2,8.3,50.2,39.8,56.0,3.11,63.5,9.6,100.0,12.15802236,0.127792041078306,4.1,5657.4,0.52807928268051,0.4059381162262112,0.4136480787363318,0.0217543459099733,0.0277449350727631,49.72247049164757,0.6707147520582133,0.7899248526301577,0.7631048387096775,0.62385031763813,0.8911850177591217,0.7477559557590601,0.6100917431192661,0.4222222222222223,0.03503479512890672,0.0746827097044947,0.2855078675437224,0.4199426952238116,0.16254390306185657,0.27737150512520115,1.0000000000000002,0.37496656311389787,0.4469649333049535,0.6286231884057971,0.29942693409742116,1.0,0.4286684782608695,0.8577648766328011,0.43624161073825474,0.6084541813558572,0.8105161910868868,0.0003617320205870911,0.48645440746036683,0.4324441101892802,0.21349020837188729,0.45497523791534544,0.1276120049747194,0.2719576825888408,0.5196092784969459,48,High
34.01980982712458,-118.2757568160532,2.6242775741653537,3.344268310853374,1.2726065495068313,1.7452669849182416,2021,0.0246483068974283,0.0390904096779285,0.021566782509008,0.0655703004837567,0.3168857112590684,0.7446393310454781,0.3367427515168437,0.7752255116989725,12235584,1587,2136.0,Mediterranean,0.25,0.0361,0.2139,0.883895131086142,0.757022471910112,0.298117154811715,0.295330503335355,0.227996254681648,0.144225188624492,0.633206421457944,3.68,56,D,0.172284644194757,0.055711610486891,Yes,2585.0,2675,0.0027,0.1337,0.0628,0.1451,0.3429,0.1776,0.1364,0.2079,0.5199,0.4218473173598812,Badminton,0.8161637496833007,3339,25.6,11.2,5.5,45.3,43.1,44.8,22.5,19.8,18.2,25.4,0.0,67.3,92.0,29226,55.0,33.9,11.1,14.4,36.2,43.4,33.8,-0.44,41.7,5.7,100.0,12.08083341,0.170410783055199,4.1,4508.8,0.448324681453516,0.8610964008074735,0.8714658690315709,0.0877697004601655,0.1045105774827031,49.51840420683507,0.6472807556021802,0.5314988975385861,0.7686491935483872,0.4133561215920949,0.9244430093639004,0.6570455955290299,0.26928304451240237,0.4103703703703704,0.2305401853340623,0.36442179097369787,0.3186538477976332,0.5372570317272364,0.5663414669253605,0.017711775118301604,1.0000000000000002,0.623226130701442,0.5489072808944682,0.3070652173913044,0.6074498567335243,1.0,0.2235054347826088,0.625544267053701,0.61744966442953,0.5635024067317781,0.9070214812439884,0.00038352348744830067,0.5443662981413724,0.48392376762426964,0.20937010719381277,0.37024677441312276,0.17491141714115857,0.30931057385662897,0.5194763345592046,49,High
34.00533681017172,-118.287980036371,2.951413666834806,3.3872251291367035,1.954728400662065,2.196899024532336,2020,0.179046886477606,0.2289931486741977,0.1715700587611745,0.2470922738888422,1.4266795904723764,2.1305330944999183,1.444787326787305,1.6622461457888609,12235584,1853,1721.0,Mediterranean,0.25,0.0689,0.1811,0.99418942475305,0.656595002905288,0.038636363636364,0.47725321888412,0.323067983730389,0.156441717791411,0.567128964324753,2.32,66,C,0.241719930273097,0.081348053457292,Yes,2185.0,2675,0.0018,0.1147,0.0827,0.1305,0.4384,0.1447,0.1165,0.2132,0.5831,0.8135199760930124,Diving,0.894026430673564,3955,31.5,7.5,11.4,26.0,53.0,52.0,24.3,7.7,24.6,0.7,2.0,66.2,91.0,31099,41.6,37.7,17.0,13.1,46.3,39.1,51.8,6.33,92.3,10.6,100.0,11.97864156,0.229396662387677,4.1,3673.1,0.381469246499921,0.6515983704869093,0.6609203608797869,0.0208575614670637,0.0333117916331425,49.04888117167896,0.593362975151658,0.3434729784457543,0.603326612903226,0.13467904011596232,0.9715854052308686,0.5292854023694938,0.3739381583418281,0.442962962962963,0.11593868056417642,0.03685686512430061,0.24242416674831704,0.6096202196344848,0.878837828159915,0.2776309654619096,1.0000000000000002,0.8411612852295354,0.7214500596971689,0.9202898550724639,0.41547277936962745,1.0,0.6440217391304348,0.7692307692307692,0.580536912751678,0.7215920092591622,0.8900288554023725,0.0005040399307456589,0.5342189292137218,0.4749172748489467,0.12831157264147225,0.3819281169673472,0.17489692957260977,0.5205925981570226,0.5194122032111302,50,High
