latitude,longitude,dist_to_ac_1,dist_to_ac_3,dist_to_hydro_1,dist_to_hydro_3,install_year_hydro_3,dist_to_busline_1,dist_to_busline_3,dist_to_busstop_1,dist_to_busstop_3,dist_to_metroline_1,dist_to_metroline_3,dist_to_metrostop_1,dist_to_metrostop_3,lashade_ua_pop,lashade_cbg_pop,lashade_acs_pop,lashade_biome,lashade_tc_goal,lashade_treecanopy,lashade_tc_gap,lashade_pctpoc,lashade_pctpov,lashade_unemplrate,lashade_dep_ratio,lashade_dep_perc,lashade_linguistic,lashade_health_nor,lashade_temp_diff,lashade_tes,lashade_holc_grade,lashade_child_perc,lashade_seniorperc,lashade_ej_disadva,lashade_rank,lashade_rankgrpsz,lashade_bld1200,lashade_veg1200,lashade_bld1500,lashade_veg1500,lashade_bld1800,lashade_veg1800,lashade_tot1200,lashade_tot1500,lashade_tot1800,dist_to_venue1,closest_venue_sport,dist_to_venue3,cva_population,cva_children,cva_older_adults,cva_older_adults_living_alone,cva_limited_english,cva_no_high_school_diploma,cva_female,cva_female_householder,cva_disability,cva_no_health_insurance,cva_living_in_group_quarters,cva_mobile_homes,cva_rent_burden,cva_renters,cva_median_income,cva_poverty,cva_households_without_vehicle_acce,cva_outdoor_workers,cva_unemployed,cva_foreign_born,cva_no_internet_subscription,cva_voter_turnout_rate,cva_sovi_score,cva_asthma,cva_cardiovascular_disease,cva_transit_access,pm25,pm25_percentile,tree_percent_w,urban_heat_idx,urban_heat_idx_percentile,dist_to_vacant_park_1,dist_to_vacant_park_3,dist_to_vacant_street_1,dist_to_vacant_street_3,land_surface_temp_c,heat_temp_severity,heat_uhi_intensity,heat_canopy_deficit,heat_air_quality_impact,heat_vegetation_deficit,HEAT_VULNERABILITY_INDEX,pop_density_score,pop_vulnerable_score,pop_olympic_proximity,pop_transit_access,POPULATION_IMPACT_INDEX,access_cooling_gap,access_hydration_gap,access_planting_opportunity,access_multimodal_transit,access_infrastructure_gap,ACCESSIBILITY_INDEX,equity_social_vulnerability,equity_economic_disadvantage,equity_environmental_justice,equity_health_vulnerability,equity_education_gap,equity_housing_burden,EQUITY_INDEX,coverage_existing_shade,coverage_spatial_isolation,coverage_priority_score,COVERAGE_EFFICIENCY_INDEX,interact_heat_population,interact_heat_equity,interact_population_access,interact_equity_access,REWARD_POTENTIAL_SCORE,priority_rank,priority_tier
34.00388950847643,-118.30020325668885,3.507454171707632,4.180585559088183,1.3543538371396644,1.9355698666668677,2020,0.0030450822979408,0.0085981754466694,0.0080416158623921,0.0264068045518281,1.5939813553464552,2.0116871711610425,1.78212565936139,1.8839957516689112,12235584,1101,1006.0,Mediterranean,0.3,0.0868,0.2132,0.970178926441352,0.433399602385686,0.077389984825493,0.21351025331725,0.175944333996024,0.065019505851756,0.475944652940544,2.66,66,C,0.124254473161034,0.05168986083499,Yes,2185.0,2675,0.0009,0.1432,0.0519,0.1628,0.4402,0.1769,0.1442,0.2147,0.6171,1.3907722826696398,Diving,1.5995063445309967,7278,29.3,11.6,8.3,20.4,36.1,54.1,30.0,8.5,16.0,2.0,0.0,60.4,71.3,41416,24.6,17.4,12.1,8.9,35.3,35.3,51.7,3.76,92.7,10.8,100.0,11.97864156,0.229396662387677,4.1,3336.0,0.353783231083845,0.4647411157125374,0.4846416271506205,0.0110313958816135,0.0233735895901602,47.7209411621094,0.5000438703693257,0.2655726724715338,0.7651209677419355,0.1212390228002107,0.8672909267032612,0.5038534920172534,0.9384981311586816,0.47111111111111115,0.05681453374414706,0.6117881482603595,0.5195529810685748,0.7326175422772357,0.6037918577650483,0.4956362534639489,1.0000000000000002,0.802084202678172,0.726825971236881,0.6875,0.17191977077363896,1.0,0.5896739130434783,0.5239477503628447,0.39603960396039595,0.5615135063567263,0.8852196216736133,0.0017582074801278935,0.5318350559962192,0.47293762838332015,0.26177858379937535,0.2829205409926887,0.37762460007418375,0.4081225996203541,0.5579302759115368,1,High
34.02559903390573,-118.25829507274202,2.5525599692469645,3.0423447615584895,0.4639447548563377,1.5722192728122049,2020,0.0369302810742092,0.0369302810742092,0.0242000260769922,0.0943977465623583,0.2421135693323315,0.6545811749847726,0.2904361414247798,1.0255401193222289,12235584,1509,1626.0,Mediterranean,0.3,0.0872,0.2128,1.0,0.688191881918819,0.157983193277311,0.608308605341246,0.378228782287823,0.194018255972033,0.462273343712644,5.08,58,D,0.301353013530135,0.076875768757687,Yes,2531.0,2675,0.0009,0.1368,0.0825,0.1554,0.3894,0.1741,0.1377,0.238,0.5634,1.9357899381783796,Fencing,2.041724481117442,5345,30.6,7.0,6.5,28.8,59.1,49.9,25.5,10.4,22.7,0.0,0.0,61.9,82.7,31615,33.5,24.4,7.2,8.3,50.2,39.8,56.0,3.11,63.5,9.6,100.0,12.15802236,0.127792041078306,4.1,5657.4,0.52807928268051,0.4004907970959336,0.4172794546329558,0.0182546246125696,0.023034855521091,50.4356628417969,0.7787961970656996,0.7838580040187542,0.7631048387096775,0.5615944605703085,0.8911850177591217,0.7557077036247123,0.6100917431192661,0.4222222222222223,0.03176527573246673,0.34138996570338453,0.3513673016943349,0.5213929475211228,0.19587412612736768,0.3684988534289275,1.0000000000000002,0.45821436214438266,0.5087960578443601,0.6286231884057971,0.29942693409742116,1.0,0.4286684782608695,0.8577648766328011,0.4455445544554455,0.610004671975389,0.8105161910868868,0.001142311487670078,0.48676663924720004,0.4328083806072523,0.2655309766922373,0.4609852298588671,0.17877429795748753,0.3103679723677199,0.551094886936903,2,High
34.027046335601014,-118.28274151337766,3.651543558690018,4.0510927568932695,1.8682418812194643,2.0104852112362224,2020,0.1115844161986982,0.1115844802930454,0.1196608033007776,0.1508549929043827,0.6332734213420287,0.8735978638615475,0.6932401301326799,0.86144366229329,12235584,3287,2925.0,Mediterranean,0.3,0.0724,0.2276,0.602393162393162,0.88276299112801,0.208297320656871,0.022727272727273,0.022222222222222,0.075555555555556,0.475691711331325,-0.28,61,D,0.009230769230769,0.012991452991453,Yes,2436.0,2675,0.0027,0.214,0.0623,0.2337,0.3396,0.2797,0.2168,0.296,0.617,0.277890768909301,Media Village/Main Press Center,0.8339338439877584,6456,28.6,0.2,1.4,8.7,7.9,52.2,0.1,2.1,4.5,56.7,0.3,68.9,98.5,10802,80.3,40.9,1.5,19.8,30.4,14.2,42.5,-0.38,58.2,8.7,100.0,,,4.1,4828.6,0.470347648261759,0.5542236097570968,0.5576907127830045,0.0056769736083368,0.0265584157235204,47.7111755371094,0.49904111907044957,0.598816700156285,0.8377016129032258,0.2581981589159561,0.6383597029383274,0.5664234587968487,0.798844716275909,0.2918518518518519,0.33236420906859665,0.07079950831342383,0.37346507137744533,0.7644904160422903,0.8392162816929866,0.6666366728599301,1.0000000000000002,0.9467644137233591,0.8434215568637132,0.31250000000000006,0.969914040114613,1.0,0.2629076086956522,0.11465892597968069,0.6765676567656769,0.5560913719259372,0.6245591535748638,0.0009037874450825711,0.3750970071229513,0.3335199827142992,0.21153937746942458,0.3149831982933742,0.31498849193538275,0.4690194506682521,0.548743320916479,3,High
33.99810030169529,-118.2862338620399,2.478098632044893,2.962724484973526,2.056902848888137,2.358827604686334,2020,0.3285789116936339,0.3815335974933469,0.3166814116063651,0.3447430391806103,2.229134259198499,2.859819014144513,2.2329818396695296,2.42957495113941,12235584,1220,1454.0,Mediterranean,0.3,0.0814,0.2186,1.0,0.497936726272352,0.134114583333333,0.431102362204724,0.301237964236589,0.146187775677379,0.499820867008671,3.47,60,C,0.238651994497937,0.062585969738652,Yes,2471.0,2675,0.0012,0.1601,0.0628,0.1836,0.3636,0.2486,0.1612,0.2464,0.6122,1.6319026959522844,Diving,1.682294742024012,5987,37.5,6.4,5.0,29.9,47.9,52.0,24.4,10.6,17.0,0.2,0.0,71.8,82.1,36858,26.3,19.7,14.6,10.2,47.5,37.6,49.4,3.96,92.3,10.6,100.0,11.99843255,0.221758664955071,4.1,3688.2,0.382727701746107,0.0894640440725683,0.1059862459979642,0.00861921558617,0.0208227869162525,49.7271667480469,0.7060465903322246,0.34420629604822506,0.7923387096774193,0.1698232083170197,0.8001291572489505,0.5625087923247678,0.7191641182466871,0.5155555555555555,0.04378749332407391,0.0058187381401567095,0.32108147631661826,0.5049219439953121,0.9256463906296863,0.6473031532523954,1.0000000000000002,0.7986689503482951,0.7753080876451378,0.7056159420289856,0.19627507163323782,1.0,0.5923913043478259,0.695210449927431,0.7722772277227721,0.6602949992767088,0.7835844822058351,0.0019223879626419915,0.47091964450855783,0.4188088382256783,0.18061115348071446,0.37142174262122485,0.2489370653813149,0.5119320531708728,0.5450097580196867,4,High
34.00388950847643,-118.29147238503325,3.207260403373265,3.549904706125661,1.9312267325424823,2.233097065815386,2020,0.006812596127728,0.0068205502618916,0.0126300259003764,0.0251417852482896,1.5902509823565107,2.2766719974791685,1.5923604908671862,1.8468058573819832,12235584,1853,1721.0,Mediterranean,0.25,0.0689,0.1811,0.99418942475305,0.656595002905288,0.038636363636364,0.47725321888412,0.323067983730389,0.156441717791411,0.567128964324753,2.32,66,C,0.241719930273097,0.081348053457292,Yes,2185.0,2675,0.0018,0.1147,0.0827,0.1305,0.4384,0.1447,0.1165,0.2132,0.5831,0.9838083510623452,Diving,1.122014732375266,3955,31.5,7.5,11.4,26.0,53.0,52.0,24.3,7.7,24.6,0.7,2.0,66.2,91.0,31099,41.6,37.7,17.0,13.1,46.3,39.1,51.8,6.33,92.3,10.6,100.0,11.97864156,0.229396662387677,4.1,3673.1,0.381469246499921,0.5663456091185181,0.5945907614026001,0.0942205595724158,0.1026654752721845,49.27373954692344,0.6594878995292914,0.34083500781424425,0.603326612903226,0.1212390228002107,0.9715854052308686,0.5392947896555682,0.3739381583418281,0.442962962962963,0.09194797463091103,0.4827821431665687,0.3479078097755677,0.6662140528630783,0.8680711509777169,0.08361879758383403,1.0000000000000002,0.8549610548504233,0.6945730112550106,0.9202898550724639,0.41547277936962745,1.0,0.6440217391304348,0.7692307692307692,0.5874587458745877,0.7227456481129805,0.8900288554023725,0.0017582074450261942,0.534720596219434,0.47550255302227756,0.18762486909244422,0.3897729622735671,0.24164737507495146,0.5019996211812872,0.5436420941107394,5,High
33.99810030169529,-118.28274151337766,2.451828804740504,2.7415109449931205,1.7850097138665948,2.2851566447400407,2021,0.0059329947231999,0.0618161947543977,0.0210902533542666,0.084774812001513,2.232362474786355,2.8395671102665054,2.249553595972607,2.4419834646237715,12235584,1220,1454.0,Mediterranean,0.3,0.0814,0.2186,1.0,0.497936726272352,0.134114583333333,0.431102362204724,0.301237964236589,0.146187775677379,0.499820867008671,3.47,60,C,0.238651994497937,0.062585969738652,Yes,2471.0,2675,0.0012,0.1601,0.0628,0.1836,0.3636,0.2486,0.1612,0.2464,0.6122,1.6538419292514452,Flag Football,1.7257880200737865,5987,37.5,6.4,5.0,29.9,47.9,52.0,24.4,10.6,17.0,0.2,0.0,71.8,82.1,36858,26.3,19.7,14.6,10.2,47.5,37.6,49.4,3.96,92.3,10.6,100.0,11.99843255,0.221758664955071,4.1,3688.2,0.382727701746107,0.3673721062857992,0.3792491241270115,0.0108241723681889,0.0228331968458833,48.590394654840296,0.5893208617701262,0.34420629604822506,0.7923387096774193,0.1698232083170197,0.8001291572489505,0.5391636466123482,0.7191641182466871,0.5155555555555555,0.04278001414995652,0.34183739169353433,0.40483426991143334,0.499111003251946,0.8010856318810983,0.5065660565818244,1.0000000000000002,0.6870462256518833,0.6987617834733505,0.7056159420289856,0.19627507163323782,1.0,0.5923913043478259,0.695210449927431,0.7722772277227721,0.6602949992767088,0.7835844822058351,0.001922387997744579,0.4709196445225988,0.41880883824205944,0.21827192123909603,0.35600705964992807,0.2828827164544449,0.4613889113131277,0.5436351518719451,6,High
34.006784111867006,-118.29496473369548,3.609193174876317,3.932649877067784,1.4844989518816618,2.0369963745627584,2020,0.3165528829897584,0.3165528829897584,0.3115269581894339,0.3268475821770019,1.2706090079157055,1.970867130719191,1.3100408214144617,1.5518830564043091,12235584,1541,1506.0,Mediterranean,0.25,0.0666,0.1834,0.99003984063745,0.412250516173434,0.046728971962617,0.518145161290323,0.341301460823373,0.407834101382488,0.475944652940544,2.66,65,C,0.258300132802125,0.083001328021248,Yes,2234.0,2675,0.001,0.1229,0.0615,0.1356,0.4241,0.1437,0.1239,0.1971,0.5678,0.8260024675913586,Diving,1.0286570967377833,7278,29.3,11.6,8.3,20.4,36.1,54.1,30.0,8.5,16.0,2.0,0.0,60.4,71.3,41416,24.6,17.4,12.1,8.9,35.3,35.3,51.7,3.76,92.7,10.8,100.0,11.97864156,0.229396662387677,4.1,3336.0,0.353783231083845,0.7024044721334881,0.7085538817575953,0.0076108223209454,0.0107768423534433,48.87099609375002,0.6181335038010545,0.2655726724715338,0.6149193548387097,0.1212390228002107,0.9551178559896674,0.5149964819802353,0.9384981311586816,0.47111111111111115,0.11388042331205173,0.009984783263093107,0.38336861221123436,0.7551224225664022,0.6634144526437341,0.5873686275526785,1.0000000000000002,0.9027309111385788,0.7817272827802787,0.6875,0.17191977077363896,1.0,0.5896739130434783,0.5239477503628447,0.39603960396039595,0.5615135063567263,0.9416479640910548,0.0016761079832150472,0.5656592216479188,0.5029944312407295,0.19743348659043078,0.2891774803581005,0.2996897035271346,0.43895042756867036,0.5412130232805168,7,High
34.034282844077445,-118.26353359573535,3.5732965153977525,3.753949677880712,1.087817772608242,1.087817772608242,2019,0.0049797049603001,0.0049797049603001,0.0103618849163453,0.024193821171432,0.366391024755252,0.4357603520205302,0.5499825162751945,0.7989971307365229,12235584,2046,1327.0,Mediterranean,0.3,0.0465,0.2535,0.94498869630746,0.593820648078372,0.014569536423841,0.329659318637274,0.247927656367747,0.158618258724004,0.421757187983479,4.19,57,,0.171816126601356,0.07611152976639,Yes,2554.0,2675,0.0064,0.2545,0.0965,0.2602,0.4287,0.2819,0.2609,0.3567,0.7106,0.8687295304115711,Fencing,1.0365044094944775,2672,22.4,11.6,11.0,23.9,29.0,50.2,11.1,17.7,17.1,1.2,0.5,59.5,99.3,22054,44.3,43.1,4.1,6.3,43.0,41.7,48.7,2.65,78.8,8.4,100.0,12.22607702,0.11206675224647,4.1,5940.3,0.547585338996382,1.0648289760933245,1.0756290088366134,0.0343360663678949,0.0606460561322839,50.15007934570315,0.7494719887691854,0.8470194239785667,0.9682459677419355,0.728659383887603,0.5527930255085567,0.7692379579771694,0.1559633027522936,0.36888888888888893,0.1072366175902254,0.5530338878101715,0.29628067426039484,0.7471820064114824,0.4816853013443938,0.21429802533192127,1.0000000000000002,0.7647910127389097,0.6415912691653415,0.5869565217391305,0.45415472779369614,1.0,0.486413043478261,0.42089985486211895,0.36633663366336644,0.5524601302560955,0.42994549535107407,0.0004930210798290702,0.25816450564257604,0.22953434069115972,0.22791034085616502,0.42497330246199994,0.19009109382788986,0.3544535961342582,0.5389822633988481,8,High
34.00823141356229,-118.29496473369548,3.634604761884884,4.007933755949179,1.4054299949764648,1.9627449417952143,2020,0.2927625828034798,0.2927680649917876,0.2844005718937231,0.3029154472250815,1.1100710835938574,1.8745672518258656,1.1549035042876243,1.42023731691733,12235584,1196,1362.0,Mediterranean,0.3,0.096,0.204,0.957415565345081,0.745227606461087,0.082661290322581,0.873452544704264,0.466226138032305,0.407834101382488,0.475944652940544,0.37,57,C,0.286343612334802,0.179882525697504,Yes,2554.0,2675,0.0021,0.1575,0.064,0.1713,0.3594,0.175,0.1597,0.2354,0.5344,0.7082244172953549,Diving,0.9234610353018184,7278,29.3,11.6,8.3,20.4,36.1,54.1,30.0,8.5,16.0,2.0,0.0,60.4,71.3,41416,24.6,17.4,12.1,8.9,35.3,35.3,51.7,3.76,92.7,10.8,100.0,11.97864156,0.229396662387677,4.1,3336.0,0.353783231083845,0.6519415976243921,0.6590073625533895,0.0044348688055249,0.0068214402218896,48.64914160438144,0.5953531003577641,0.2655726724715338,0.71875,0.1212390228002107,0.8398450113012592,0.5081519613861536,0.9384981311586816,0.47111111111111115,0.13583114573123745,0.014458801471765328,0.38997479736819884,0.7607435187613132,0.6271910692736817,0.7228337383497758,1.0000000000000002,0.8875439799411646,0.7996624612651871,0.6875,0.17191977077363896,1.0,0.5896739130434783,0.5239477503628447,0.39603960396039595,0.5615135063567263,0.8188521962167361,0.001635055934586127,0.4919653401038761,0.43748419741839945,0.19816645817381806,0.28533418959998685,0.3118482062948465,0.449021272526865,0.5378472257062821,9,High
34.00533681017172,-118.28972621070211,3.111946230436373,3.5018851732694607,1.9832304424959477,2.171672981952959,2020,0.1675847075011601,0.1675847075011601,0.215103052406742,0.2326316536269512,1.4276606670647398,2.1566356385308354,1.4415791885136582,1.6889400720682823,12235584,1853,1721.0,Mediterranean,0.25,0.0689,0.1811,0.99418942475305,0.656595002905288,0.038636363636364,0.47725321888412,0.323067983730389,0.156441717791411,0.567128964324753,2.32,66,C,0.241719930273097,0.081348053457292,Yes,2185.0,2675,0.0018,0.1147,0.0827,0.1305,0.4384,0.1447,0.1165,0.2132,0.5831,0.8043232774125794,Diving,0.9224181320852262,3955,31.5,7.5,11.4,26.0,53.0,52.0,24.3,7.7,24.6,0.7,2.0,66.2,91.0,31099,41.6,37.7,17.0,13.1,46.3,39.1,51.8,6.33,92.3,10.6,100.0,11.97864156,0.229396662387677,4.1,3673.1,0.381469246499921,0.6700906162332989,0.6780867095802267,0.0107055553900985,0.0189661531354744,49.66958007812502,0.700133491266663,0.34083500781424425,0.603326612903226,0.1212390228002107,0.9715854052308686,0.5474239080030425,0.3739381583418281,0.442962962962963,0.11749149216554816,0.024575618441411415,0.23974205797793768,0.6451303584587883,0.8918952963318536,0.4968428922241108,1.0000000000000002,0.8848827992128885,0.7837502692455283,0.9202898550724639,0.41547277936962745,1.0,0.6440217391304348,0.7692307692307692,0.5874587458745877,0.7227456481129805,0.8900288554023725,0.0017171584948769691,0.5347041766393743,0.47548339684554125,0.13124053429097465,0.3956482471821996,0.18789790248968571,0.5664520963045823,0.536872927646004,10,High
34.00533681017172,-118.29321855936436,3.4065525631544946,3.739215710480276,1.707304425915252,2.1323827311389305,2020,0.1550173621694975,0.1550173621694975,0.1993795430734788,0.2134681601129618,1.430684436954465,2.122727298207215,1.4401808462323884,1.690827695628479,12235584,1541,1506.0,Mediterranean,0.25,0.0666,0.1834,0.99003984063745,0.412250516173434,0.046728971962617,0.518145161290323,0.341301460823373,0.407834101382488,0.475944652940544,2.66,65,C,0.258300132802125,0.083001328021248,Yes,2234.0,2675,0.001,0.1229,0.0615,0.1356,0.4241,0.1437,0.1239,0.1971,0.5678,0.8793692371220215,Diving,1.0523558826587758,7278,29.3,11.6,8.3,20.4,36.1,54.1,30.0,8.5,16.0,2.0,0.0,60.4,71.3,41416,24.6,17.4,12.1,8.9,35.3,35.3,51.7,3.76,92.7,10.8,100.0,11.97864156,0.229396662387677,4.1,3336.0,0.353783231083845,0.5960397196749598,0.6132472486460144,0.0121031103686039,0.0154389821417696,48.35144880166734,0.5647854874719842,0.2655726724715338,0.6149193548387097,0.1212390228002107,0.9551178559896674,0.5043268787144213,0.9384981311586816,0.47111111111111115,0.105672356555329,0.028435439674511058,0.3859292596249082,0.7102978954284486,0.7654869779274783,0.46594447196896793,1.0000000000000002,0.8854386637036651,0.7654336018057121,0.6875,0.17191977077363896,1.0,0.5896739130434783,0.5239477503628447,0.39603960396039595,0.5615135063567263,0.9416479640910548,0.0017171584597770462,0.5656756418385436,0.5030135881297918,0.19463449891119747,0.2831863540168781,0.29540322323690527,0.4298013056331836,0.535395483648184,11,High
33.99810030169529,-118.28448768770878,2.459712714577047,2.850292582929221,1.9189924583753428,2.3465920792735986,2021,0.1672559590469124,0.2230612403773665,0.157636311569217,0.197930114352288,2.2291886771473135,2.8620969796441607,2.2354709783417395,2.4306168586014,12235584,1220,1454.0,Mediterranean,0.3,0.0814,0.2186,1.0,0.497936726272352,0.134114583333333,0.431102362204724,0.301237964236589,0.146187775677379,0.499820867008671,3.47,60,C,0.238651994497937,0.062585969738652,Yes,2471.0,2675,0.0012,0.1601,0.0628,0.1836,0.3636,0.2486,0.1612,0.2464,0.6122,1.650172482566859,Flag Football,1.6966350357926487,5987,37.5,6.4,5.0,29.9,47.9,52.0,24.4,10.6,17.0,0.2,0.0,71.8,82.1,36858,26.3,19.7,14.6,10.2,47.5,37.6,49.4,3.96,92.3,10.6,100.0,11.99843255,0.221758664955071,4.1,3688.2,0.382727701746107,0.2132087787857116,0.2284576008517907,0.0093638761196584,0.0171183753709974,49.12008056640627,0.6437099291180175,0.34420629604822506,0.7923387096774193,0.1698232083170197,0.8001291572489505,0.5500414600819263,0.7191641182466871,0.5155555555555555,0.042946761081197014,0.03934794584842415,0.32925359518296593,0.5008549405970742,0.8624663368919313,0.5651757128393712,1.0000000000000002,0.7393863854739978,0.7335766751604749,0.7056159420289856,0.19627507163323782,1.0,0.5923913043478259,0.695210449927431,0.7722772277227721,0.6602949992767088,0.7835844822058351,0.001922387997744579,0.4709196445225988,0.41880883824205944,0.18110312823166208,0.3631896254869554,0.2415327576389531,0.4843770101944962,0.5349663055681266,12,High
33.999547603390575,-118.2862338620399,2.637018360591693,3.014497933758935,1.981342956938115,2.3372131023309453,2020,0.3281036718320743,0.373554103910194,0.3377374367966028,0.3518854606227548,2.0685963859665786,2.730420525269054,2.0724806907046784,2.2725040603350073,12235584,2473,2620.0,Mediterranean,0.3,0.0895,0.2105,0.988167938931298,0.520494972931168,0.102409638554217,0.570743405275779,0.363358778625954,0.146187775677379,0.499820867008671,1.57,62,C,0.304580152671756,0.058778625954198,Yes,2387.0,2675,0.0011,0.1854,0.0784,0.2183,0.4126,0.2638,0.1865,0.2967,0.6764,1.4741578836570086,Diving,1.52329205412473,5987,37.5,6.4,5.0,29.9,47.9,52.0,24.4,10.6,17.0,0.2,0.0,71.8,82.1,36858,26.3,19.7,14.6,10.2,47.5,37.6,49.4,3.96,92.3,10.6,100.0,11.99843255,0.221758664955071,4.1,3688.2,0.382727701746107,0.0421821570567763,0.067782618021813,0.0057718339406783,0.0209034343898852,49.31255493164065,0.6634735304993074,0.34420629604822506,0.7515120967741935,0.1698232083170197,0.6880852437843074,0.5234200750846105,0.7191641182466871,0.5155555555555555,0.0518582058184078,0.004075233151865684,0.322663278193129,0.5400753203322387,0.8910305939803506,0.849482791234089,1.0000000000000002,0.8182985960050598,0.8197774603103477,0.7056159420289856,0.19627507163323782,1.0,0.5923913043478259,0.695210449927431,0.7722772277227721,0.6602949992767088,0.6223148445014427,0.0018813451362147404,0.3741414447553515,0.3327792114643363,0.16888843729889416,0.34561165809940775,0.2645120827325745,0.5412949575626832,0.5339695051736748,13,High
34.00533681017172,-118.2862338620399,2.790971030987449,3.275364032092908,1.7946174694292814,2.225227110622368,2020,0.1775875419776647,0.2269867034805685,0.1992597607910278,0.2370986777958209,1.426444514732828,2.1065453582817333,1.4305587024218474,1.6503847509767056,12235584,1494,813.0,Mediterranean,0.25,0.0801,0.1699,1.0,0.666666666666667,0.11056511056511,0.5426944971537,0.351783517835178,0.254160673926443,0.467409372992642,3.08,67,C,0.316113161131611,0.035670356703567,Yes,2120.0,2675,0.0011,0.1487,0.0698,0.1714,0.3849,0.2011,0.1497,0.2412,0.5844,0.8536573589915566,Diving,0.892948973291297,4937,26.0,9.9,11.8,31.0,49.6,50.1,22.4,16.7,18.7,0.0,0.0,76.0,87.0,34436,27.6,22.5,6.3,10.6,46.8,32.5,55.2,3.74,92.3,10.6,100.0,12.0084908,0.215853658536585,4.1,3892.1,0.39830108541765,0.6419949294709547,0.6744288016163101,0.0017293151445811,0.0100844264602942,48.97269113028934,0.6285757263909115,0.38972985041303865,0.546875,0.19451484243812445,0.8395221181788828,0.5198435074841915,0.5407747196738023,0.39703703703703697,0.10951228866574791,0.028520192184643696,0.2689610593903077,0.5741299730174972,0.8054871748721134,0.8948772628334433,1.0000000000000002,0.7861043829713904,0.812119758738889,0.6856884057971016,0.21489971346704867,1.0,0.6039402173913043,0.7198838896952104,0.9108910891089108,0.6892172192432627,0.8002564924655338,0.0017171584597770462,0.4808407588632311,0.4276048032628473,0.13981766049012148,0.3582850966699187,0.21842859066221265,0.5597269218105265,0.5317603320533864,14,High
34.00533681017172,-118.29496473369548,3.457698222287889,3.86166990603987,1.5760031277492268,2.0986470264386217,2020,0.1820476472044598,0.1820510335213331,0.1812414384357499,0.2395291965588527,1.4311469906972705,2.069928337283227,1.4663413043540172,1.6880597626674898,12235584,1541,1506.0,Mediterranean,0.25,0.0666,0.1834,0.99003984063745,0.412250516173434,0.046728971962617,0.518145161290323,0.341301460823373,0.407834101382488,0.475944652940544,2.66,65,C,0.258300132802125,0.083001328021248,Yes,2234.0,2675,0.001,0.1229,0.0615,0.1356,0.4241,0.1437,0.1239,0.1971,0.5678,0.956307164399767,Diving,1.1464357936954903,7278,29.3,11.6,8.3,20.4,36.1,54.1,30.0,8.5,16.0,2.0,0.0,60.4,71.3,41416,24.6,17.4,12.1,8.9,35.3,35.3,51.7,3.76,92.7,10.8,100.0,11.97864156,0.229396662387677,4.1,3336.0,0.353783231083845,0.5441056731921927,0.552265319611234,0.0167226935312005,0.0224152482836428,48.66082153320315,0.5965524156905513,0.2655726724715338,0.6149193548387097,0.1212390228002107,0.9551178559896674,0.5106802643581346,0.9384981311586816,0.47111111111111115,0.09529868803724781,0.03352486914879003,0.3846081998639576,0.7216114222004687,0.7053347077241909,0.38352359122758806,1.0000000000000002,0.8669599448049818,0.7354859331914458,0.6875,0.17191977077363896,1.0,0.5896739130434783,0.5239477503628447,0.39603960396039595,0.5615135063567263,0.9416479640910548,0.0017171584948769691,0.5656756418525836,0.5030135881461718,0.19641181718083214,0.2867538658669161,0.282873920790025,0.41298528522237765,0.5309817006798451,15,High
34.022704430515155,-118.27924916471542,3.079246150649735,3.797084512340536,1.518006276773592,1.9569169399973936,2020,0.0198588372648238,0.0198623587803347,0.0617727837384708,0.0888462064674954,0.1232352514453671,0.5703824549507518,0.1227781690294604,0.5941269295978983,12235584,3287,2925.0,Mediterranean,0.3,0.0724,0.2276,0.602393162393162,0.88276299112801,0.208297320656871,0.022727272727273,0.022222222222222,0.075555555555556,0.475691711331325,-0.28,61,D,0.009230769230769,0.012991452991453,Yes,2436.0,2675,0.0027,0.214,0.0623,0.2337,0.3396,0.2797,0.2168,0.296,0.617,0.1780087863033971,Badminton,0.6168071310421593,6456,28.6,0.2,1.4,8.7,7.9,52.2,0.1,2.1,4.5,56.7,0.3,68.9,98.5,10802,80.3,40.9,1.5,19.8,30.4,14.2,42.5,-0.38,58.2,8.7,100.0,,,4.1,4828.6,0.470347648261759,0.7479678595091312,0.7513934850031506,0.0482428814017623,0.0774957187129701,48.33431396484377,0.5630260527321838,0.598816700156285,0.8377016129032258,0.2581981589159561,0.6383597029383274,0.5792204455291956,0.798844716275909,0.2918518518518519,0.46497868009832727,0.21317175022267718,0.44221174961219134,0.6378970324174044,0.6787649608933948,0.1605806319714499,1.0000000000000002,0.7624502958855268,0.6479385842335553,0.31250000000000006,0.969914040114613,1.0,0.2629076086956522,0.11465892597968069,0.6765676567656769,0.5560913719259372,0.6245591535748638,0.001150210351132941,0.3751955762853714,0.33363498007045606,0.25613808662861853,0.32209949220188294,0.2865260549751667,0.36031305623018717,0.5306839917044538,16,High
34.02559903390573,-118.28274151337766,3.5342468721657627,4.032940595871453,1.8448179424332656,2.038598125227048,2020,0.1099465783348603,0.1099465783348603,0.0970344539200792,0.1470010081353423,0.5558759391953684,0.8540750851740059,0.5753380348242682,0.7893707895441037,12235584,3287,2925.0,Mediterranean,0.3,0.0724,0.2276,0.602393162393162,0.88276299112801,0.208297320656871,0.022727272727273,0.022222222222222,0.075555555555556,0.475691711331325,-0.28,61,D,0.009230769230769,0.012991452991453,Yes,2436.0,2675,0.0027,0.214,0.0623,0.2337,0.3396,0.2797,0.2168,0.296,0.617,0.1534183691910417,Media Village/Main Press Center,0.6928042870533332,6456,28.6,0.2,1.4,8.7,7.9,52.2,0.1,2.1,4.5,56.7,0.3,68.9,98.5,10802,80.3,40.9,1.5,19.8,30.4,14.2,42.5,-0.38,58.2,8.7,100.0,,,4.1,4828.6,0.470347648261759,0.6995296029293121,0.7070201702718779,0.1392582912268067,0.1521676183512047,47.10598637096859,0.4368992466953019,0.598816700156285,0.8377016129032258,0.2581981589159561,0.6383597029383274,0.5539950843218192,0.798844716275909,0.2918518518518519,0.5136639800264001,0.09293258213999117,0.424323282573538,0.7385441436558043,0.8284852141805309,0.048991187635372066,1.0000000000000002,0.9160560215555844,0.7064153134054584,0.31250000000000006,0.969914040114613,1.0,0.2629076086956522,0.11465892597968069,0.6765676567656769,0.5560913719259372,0.6245591535748638,0.000985931509319471,0.375129864748646,0.3335583166109431,0.23507301270903833,0.3080718864807457,0.29974846464441873,0.39283146078113224,0.5303319460710068,17,High
34.00388950847643,-118.2967109080266,3.36745705968725,3.921379292546901,1.560867425688853,2.0566804896405757,2020,0.020715766362043,0.0207163916059558,0.0711808732201504,0.1516565258116119,1.592222513417661,2.1176714953118227,1.6624450834955078,1.8356917817810967,12235584,991,811.0,Mediterranean,0.3,0.0932,0.2068,0.995067817509248,0.261405672009864,0.120879120879121,0.349417637271215,0.258939580764488,0.107124810510359,0.475944652940544,1.37,66,C,0.109741060419235,0.149198520345253,Yes,2185.0,2675,0.0007,0.1518,0.0486,0.1708,0.4135,0.1864,0.1525,0.2194,0.5995,1.1796548103733706,Diving,1.3715098105251975,7278,29.3,11.6,8.3,20.4,36.1,54.1,30.0,8.5,16.0,2.0,0.0,60.4,71.3,41416,24.6,17.4,12.1,8.9,35.3,35.3,51.7,3.76,92.7,10.8,100.0,11.97864156,0.229396662387677,4.1,3336.0,0.353783231083845,0.3722067773296784,0.3746644005104351,0.0160135785423131,0.0205694881491767,48.72608765598314,0.6032540542841138,0.2655726724715338,0.7328629032258065,0.1212390228002107,0.8414594769131417,0.5128776259389614,0.9384981311586816,0.47111111111111115,0.07225102539271863,0.11446658290469885,0.3990817126418026,0.701649888292815,0.6984006800125926,0.4032165190774942,1.0000000000000002,0.8264588146384935,0.725945180404279,0.6875,0.17191977077363896,1.0,0.5896739130434783,0.5239477503628447,0.39603960396039595,0.5615135063567263,0.870150689323501,0.0017582074801278935,0.5227936965861517,0.4649008644632602,0.20468008133538249,0.28798771407289964,0.289711445879802,0.4076280236715729,0.5295398644228297,18,High
33.996653,-118.28448768770878,2.299747214037611,2.803916017476121,2.009775375882194,2.361175991896532,2021,0.1676984524853508,0.2265592374667158,0.1595874317592067,0.1970664664227933,2.3897256308866535,3.017601713207394,2.3958103359143,2.5878966968327535,12235584,1220,1454.0,Mediterranean,0.3,0.0814,0.2186,1.0,0.497936726272352,0.134114583333333,0.431102362204724,0.301237964236589,0.146187775677379,0.499820867008671,3.47,60,C,0.238651994497937,0.062585969738652,Yes,2471.0,2675,0.0012,0.1601,0.0628,0.1836,0.3636,0.2486,0.1612,0.2464,0.6122,1.8106607257166032,Flag Football,1.8546941419029073,5987,37.5,6.4,5.0,29.9,47.9,52.0,24.4,10.6,17.0,0.2,0.0,71.8,82.1,36858,26.3,19.7,14.6,10.2,47.5,37.6,49.4,3.96,92.3,10.6,100.0,11.99843255,0.221758664955071,4.1,3688.2,0.382727701746107,0.3124232705795595,0.3293733505350818,0.0135733729606743,0.0170374511001905,49.03286457632235,0.6347544401104601,0.34420629604822506,0.7923387096774193,0.1698232083170197,0.8001291572489505,0.5482503622804149,0.7191641182466871,0.5155555555555555,0.03625242729511675,0.03821273866352012,0.32729620994021985,0.46547023730813275,0.9040561662385529,0.4512125970270119,1.0000000000000002,0.726747215811461,0.7094972432770318,0.7056159420289856,0.19627507163323782,1.0,0.5923913043478259,0.695210449927431,0.7722772277227721,0.6602949992767088,0.7835844822058351,0.002628167129246073,0.47120195617519944,0.4191382018367602,0.17944026567273227,0.3620069725654019,0.23221575868760663,0.46847748173643455,0.5291566798997681,19,High
34.00533681017172,-118.28448768770878,2.630634777102232,3.1663847212784426,1.634741902190075,2.2044001533496065,2021,0.1644037356645442,0.1682510450538594,0.1502936653382586,0.1834182713408586,1.4265033412311352,2.084103774619128,1.434440607503031,1.6533985015474963,12235584,1494,813.0,Mediterranean,0.25,0.0801,0.1699,1.0,0.666666666666667,0.11056511056511,0.5426944971537,0.351783517835178,0.254160673926443,0.467409372992642,3.08,67,C,0.316113161131611,0.035670356703567,Yes,2120.0,2675,0.0011,0.1487,0.0698,0.1714,0.3849,0.2011,0.1497,0.2412,0.5844,0.8480137920749511,Flag Football,0.9190604453300656,4937,26.0,9.9,11.8,31.0,49.6,50.1,22.4,16.7,18.7,0.0,0.0,76.0,87.0,34436,27.6,22.5,6.3,10.6,46.8,32.5,55.2,3.74,92.3,10.6,100.0,12.0084908,0.215853658536585,4.1,3892.1,0.39830108541765,0.6721456704130007,0.7125296149188207,0.0009595054241717,0.0113181594320799,48.95598110485032,0.6268599120202767,0.38972985041303865,0.546875,0.19451484243812445,0.8395221181788828,0.5195003446100646,0.5407747196738023,0.39703703703703697,0.11038300206292281,0.045354972320940386,0.2733874327736756,0.5386632583130343,0.7322443474682563,0.9585300127154622,1.0000000000000002,0.7167008310331345,0.7892276899059776,0.6856884057971016,0.21489971346704867,1.0,0.6039402173913043,0.7198838896952104,0.9108910891089108,0.6892172192432627,0.8002564924655338,0.0017171584948769691,0.480840758877271,0.42760480327922723,0.14202486553798532,0.3580485829080654,0.21576493201729374,0.5439493137867819,0.5281855627720459,20,High
34.00388950847643,-118.29321855936436,3.2535428950265004,3.671245073548931,1.801801724190128,2.216434982670857,2020,0.0210400201321793,0.0210419112323563,0.1090692835460886,0.1330715503843149,1.5912210796334871,2.2237296241303386,1.5998795042429714,1.8314435462137617,12235584,1541,1506.0,Mediterranean,0.25,0.0666,0.1834,0.99003984063745,0.412250516173434,0.046728971962617,0.518145161290323,0.341301460823373,0.407834101382488,0.475944652940544,2.66,65,C,0.258300132802125,0.083001328021248,Yes,2234.0,2675,0.001,0.1229,0.0615,0.1356,0.4241,0.1437,0.1239,0.1971,0.5678,1.0281421127954893,Diving,1.189108651318039,7278,29.3,11.6,8.3,20.4,36.1,54.1,30.0,8.5,16.0,2.0,0.0,60.4,71.3,41416,24.6,17.4,12.1,8.9,35.3,35.3,51.7,3.76,92.7,10.8,100.0,11.97864156,0.229396662387677,4.1,3336.0,0.353783231083845,0.457699052690523,0.4800531476617751,0.0416699443495387,0.0461969023010412,48.77113934749094,0.6078800400429376,0.2655726724715338,0.6149193548387097,0.1212390228002107,0.9551178559896674,0.5129457892286119,0.9384981311586816,0.47111111111111115,0.0868903470565014,0.06947409365164472,0.39149342074448473,0.6764518368171186,0.8087784540873217,0.19286471878178188,1.0000000000000002,0.8574607738462191,0.7071111567064883,0.6875,0.17191977077363896,1.0,0.5896739130434783,0.5239477503628447,0.39603960396039595,0.5615135063567263,0.9416479640910548,0.0017582074450261942,0.5656920614326433,0.503032744322908,0.20081490168158875,0.28802598868067614,0.2768293655856125,0.39705246498622077,0.5277096236818022,21,High
34.011126016952865,-118.29147238503325,3.3916830712770825,3.941661427524943,1.608428110782791,1.9055640836592305,2020,0.0059686645026832,0.0059707983107566,0.0080720839257461,0.027191733794866,0.7875829477559387,1.5814815517304277,0.78968117196553,1.1579547724963246,12235584,1397,1858.0,Mediterranean,0.3,0.121,0.179,0.971474703982777,0.33799784714747,0.160270880361174,0.510569105691057,0.33799784714747,0.191676040494938,0.533113760531744,-3.54,68,D,0.279332615715823,0.058665231431647,Yes,2045.0,2675,0.0022,0.2915,0.0335,0.316,0.2139,0.3787,0.2937,0.3495,0.5926,0.2537860194128009,Diving,0.4800385372741383,4671,32.9,8.9,13.3,24.3,52.8,55.3,22.1,9.4,22.4,1.1,0.0,66.4,90.1,28113,28.3,32.5,10.4,11.4,42.9,40.4,43.7,5.43,66.9,7.9,100.0,12.00727367,0.216302952503209,4.1,3928.8,0.401761837344659,0.1975662392524793,0.2042867929058407,0.0063971321053443,0.0495441736102829,48.41972191435918,0.5717958890008239,0.3979236436704622,0.592741935483871,0.19152695402435427,0.3726186632224734,0.425321417080397,0.49558273870200475,0.48444444444444446,0.35751341287996596,0.6187054483934742,0.4890615111049723,0.7070087327254578,0.7201893692394618,0.6692582060641352,1.0000000000000002,0.8280902166513688,0.7849093049360847,0.838768115942029,0.2249283667621776,1.0,0.43817934782608703,0.7663280116110304,0.5940594059405941,0.6437105413469864,0.4530298172491184,0.001552947191433951,0.2724390692260446,0.242340611222199,0.20800833494264714,0.2737838796352897,0.3838689307523951,0.5052543935886938,0.5276343062118469,22,High
34.00533681017172,-118.30020325668885,3.6498307700817314,4.223553605276343,1.225845513184891,1.884589251110362,2020,0.0028231727193667,0.0619552943286155,0.1621193682919542,0.1756771228420078,1.433449045021688,1.911260834080063,1.640264567483435,1.7493482986037474,12235584,1101,1006.0,Mediterranean,0.3,0.0868,0.2132,0.970178926441352,0.433399602385686,0.077389984825493,0.21351025331725,0.175944333996024,0.065019505851756,0.475944652940544,2.66,66,C,0.124254473161034,0.05168986083499,Yes,2185.0,2675,0.0009,0.1432,0.0519,0.1628,0.4402,0.1769,0.1442,0.2147,0.6171,1.284697129026302,Diving,1.5005912497009697,7278,29.3,11.6,8.3,20.4,36.1,54.1,30.0,8.5,16.0,2.0,0.0,60.4,71.3,41416,24.6,17.4,12.1,8.9,35.3,35.3,51.7,3.76,92.7,10.8,100.0,11.97864156,0.229396662387677,4.1,3336.0,0.353783231083845,0.6118395575942595,0.6202851880193189,0.0101208313867234,0.0196300690923273,48.33867797851565,0.5634741572188693,0.2655726724715338,0.7651209677419355,0.1212390228002107,0.8672909267032612,0.5165395493871621,0.9384981311586816,0.47111111111111115,0.06398217294727829,0.039408559225447816,0.3782499936106297,0.7641115436198209,0.5449191159576919,0.5134126858622841,1.0000000000000002,0.8336571930273752,0.7312201076934345,0.6875,0.17191977077363896,1.0,0.5896739130434783,0.5239477503628447,0.39603960396039595,0.5615135063567263,0.8852196216736133,0.0017171584948769691,0.5318186364021188,0.47291847219020305,0.1953810812553316,0.29004393354830876,0.27658400106300557,0.4105899665894834,0.5272872579300223,23,High
34.027046335601014,-118.2670259443976,2.8847649097782404,3.4892098609048183,0.5200746129077063,1.3468489054937087,2019,0.0246338834610354,0.0609415520103565,0.0131440094095306,0.0972723455530827,0.4968768662500968,0.5461516353666991,0.6491989045240523,0.8079510438531917,12235584,1454,1877.0,Mediterranean,0.25,0.0631,0.1869,0.974960042621204,0.654672395273899,0.095238095238095,0.637870855148342,0.389451251997869,0.285050675675676,0.49393764163504,5.4,62,D,0.367607884922749,0.02184336707512,Yes,2387.0,2675,0.0029,0.1107,0.0662,0.1231,0.3204,0.1739,0.1137,0.1893,0.4943,1.3608544124310091,Badminton,1.4846464999586049,2476,25.7,3.8,6.5,29.0,41.7,49.3,18.4,9.1,26.3,0.6,1.1,61.4,96.5,26493,46.4,39.7,11.7,3.1,44.3,46.2,46.6,3.12,61.7,8.5,100.0,12.16525921,0.126572528883184,4.1,5520.4,0.518955482145666,0.4412920660885458,0.4482686865782493,0.0347902485335524,0.0504829538782942,50.12302903580369,0.7466944160703886,0.7532708193793256,0.632560483870968,0.5793599418806075,0.995479496286729,0.7414730314976038,0.12266394835202177,0.3022222222222223,0.05873073445073893,0.4817609245097036,0.24134445738367166,0.5948773751769579,0.22158855877302852,0.22565914248591135,1.0000000000000002,0.5291408351539822,0.5142531823179761,0.6295289855072465,0.484240687679083,1.0,0.43342391304347816,0.6052249637155297,0.42904290429042913,0.5969102423726277,0.9666559794806028,0.0009037874450825711,0.5803551026663947,0.51597162319736,0.17895040645141527,0.4425928469440017,0.12411215524435833,0.3069629916983182,0.5267623589344245,24,High
33.996653,-118.2862338620399,2.3194018581607385,2.9163360692323472,2.141850516539322,2.387417604398241,2020,0.3290242238191371,0.3816940475924436,0.3179904403752865,0.3447612571622112,2.3896720945996717,2.96707843640141,2.3934879106259896,2.5870489015098137,12235584,1220,1454.0,Mediterranean,0.3,0.0814,0.2186,1.0,0.497936726272352,0.134114583333333,0.431102362204724,0.301237964236589,0.146187775677379,0.499820867008671,3.47,60,C,0.238651994497937,0.062585969738652,Yes,2471.0,2675,0.0012,0.1601,0.0628,0.1836,0.3636,0.2486,0.1612,0.2464,0.6122,1.7901441837420888,Diving,1.8415678116990932,5987,37.5,6.4,5.0,29.9,47.9,52.0,24.4,10.6,17.0,0.2,0.0,71.8,82.1,36858,26.3,19.7,14.6,10.2,47.5,37.6,49.4,3.96,92.3,10.6,100.0,11.99843255,0.221758664955071,4.1,3688.2,0.382727701746107,0.2452620979083525,0.2601221489645925,0.0295380590882648,0.0364682831752093,49.28911296328402,0.6610664685634022,0.34420629604822506,0.7923387096774193,0.1698232083170197,0.8001291572489505,0.5535127679710033,0.7191641182466871,0.5155555555555555,0.0370448450908157,0.005333878714960473,0.31927459940200464,0.46981788569607474,0.9645629522255358,0.2758384006270727,1.0000000000000002,0.7850505878923271,0.6990539652882021,0.7056159420289856,0.19627507163323782,1.0,0.5923913043478259,0.695210449927431,0.7722772277227721,0.6602949992767088,0.7835844822058351,0.002628167094142597,0.47120195616115806,0.4191382018203786,0.17672256725783683,0.3654817127270627,0.22319017472777358,0.4615818375043538,0.5266413433729867,25,High
34.00533681017172,-118.2967109080266,3.5155103831780377,3.9864942711318414,1.4507652511070248,2.020203938342403,2020,0.1812507858486851,0.1812513814384016,0.1915406283612811,0.2460438152140487,1.431684308129871,2.016698259235736,1.5093795529277654,1.6972627077387792,12235584,991,811.0,Mediterranean,0.3,0.0932,0.2068,0.995067817509248,0.261405672009864,0.120879120879121,0.349417637271215,0.258939580764488,0.107124810510359,0.475944652940544,1.37,66,C,0.109741060419235,0.149198520345253,Yes,2185.0,2675,0.0007,0.1518,0.0486,0.1708,0.4135,0.1864,0.1525,0.2194,0.5995,1.0525178612451864,Diving,1.254600888885699,7278,29.3,11.6,8.3,20.4,36.1,54.1,30.0,8.5,16.0,2.0,0.0,60.4,71.3,41416,24.6,17.4,12.1,8.9,35.3,35.3,51.7,3.76,92.7,10.8,100.0,11.97864156,0.229396662387677,4.1,3336.0,0.353783231083845,0.5325689477899642,0.5346590729682604,0.0137908416295076,0.016148305651854,48.71244593431952,0.6018532986625216,0.2655726724715338,0.7328629032258065,0.1212390228002107,0.8414594769131417,0.5125974748146429,0.9384981311586816,0.47111111111111115,0.08427532683650915,0.03021780295812642,0.38102559301610706,0.7343995931041452,0.6479602361790422,0.4335146836766497,1.0000000000000002,0.856220451394833,0.734418992870934,0.6875,0.17191977077363896,1.0,0.5896739130434783,0.5239477503628447,0.39603960396039595,0.5615135063567263,0.870150689323501,0.0017171584948769691,0.5227772769920513,0.4648817082701431,0.1953127568198083,0.28783040543277383,0.27983243228093974,0.4123861838219337,0.5266346360531297,26,High
34.0284936372963,-118.26178742140424,2.9124370506058925,3.4417823679881874,0.5216133184917164,1.3301960718935049,2019,0.3547797819346277,0.3712350843253193,0.3458776651239002,0.3602416363152097,0.1188395557257851,0.4213347968188336,0.6096289275605108,0.8569040654204584,12235584,2632,2261.0,Mediterranean,0.25,0.0416,0.2084,0.995577178239717,0.678202247191011,0.176859504132231,0.473924380704042,0.321539141972578,0.335058823529412,0.538100179435361,6.29,56,D,0.299867315347192,0.021671826625387,Yes,2585.0,2675,0.0017,0.1864,0.0562,0.2053,0.3148,0.254,0.1881,0.2615,0.5685,1.4959328793692073,Fencing,1.6863993996704665,2531,34.6,5.7,8.0,28.6,53.2,43.0,15.5,7.5,22.2,0.7,0.0,68.5,81.8,40978,41.9,30.7,8.1,7.8,44.6,27.2,57.2,4.73,87.2,9.3,100.0,12.15802236,0.127792041078306,4.1,6093.6,0.557967594777411,0.4392952346021157,0.4465281184358622,0.0087413957321503,0.0273397872821566,50.3406921386719,0.7690444406841275,0.8812458137977228,0.7409274193548387,0.5615944605703085,0.7300613496932515,0.7365746968200497,0.13200815494393475,0.4622222222222223,0.05064921296073455,0.016406213064138003,0.1653214507977574,0.600998510604624,0.22229347666299218,0.5593795494217421,1.0000000000000002,0.5971845423317322,0.5959712158042181,0.7753623188405798,0.4197707736389684,1.0,0.5842391304347827,0.772133526850508,0.6633663366336635,0.7024786810664171,0.7351715293363257,0.0008216402831351388,0.44143157371504943,0.39247491444483673,0.12177159749920892,0.5174280215290445,0.09852682603045669,0.41865707363169613,0.5261163085107441,27,High
34.00388950847643,-118.29496473369548,3.307056690533745,3.7951122008963463,1.677909293123786,2.1322440005368115,2020,0.0215104748102573,0.0215137579214088,0.0691271071291284,0.1483324934104913,1.591685002803951,2.170850113989435,1.623469023119669,1.8278533961333252,12235584,1541,1506.0,Mediterranean,0.25,0.0666,0.1834,0.99003984063745,0.412250516173434,0.046728971962617,0.518145161290323,0.341301460823373,0.407834101382488,0.475944652940544,2.66,65,C,0.258300132802125,0.083001328021248,Yes,2234.0,2675,0.001,0.1229,0.0615,0.1356,0.4241,0.1437,0.1239,0.1971,0.5678,1.0946742608895672,Diving,1.2732841477413794,7278,29.3,11.6,8.3,20.4,36.1,54.1,30.0,8.5,16.0,2.0,0.0,60.4,71.3,41416,24.6,17.4,12.1,8.9,35.3,35.3,51.7,3.76,92.7,10.8,100.0,11.97864156,0.229396662387677,4.1,3336.0,0.353783231083845,0.3876532659927773,0.3993250019573668,0.0607473532377613,0.0644126310390585,48.82369384765627,0.613276427197122,0.2655726724715338,0.6149193548387097,0.1212390228002107,0.9551178559896674,0.5140250666594488,0.9384981311586816,0.47111111111111115,0.08000466770200967,0.1183231525108365,0.40198426562065975,0.6882892003080179,0.7520203633925787,0.14080729327161018,1.0000000000000002,0.8367210278862252,0.6835675769716864,0.6875,0.17191977077363896,1.0,0.5896739130434783,0.5239477503628447,0.39603960396039595,0.5615135063567263,0.9416479640910548,0.0017582074801278935,0.5656920614466839,0.5030327443392889,0.2066299889317092,0.288632017535197,0.27478341043105714,0.383832426977143,0.5259474021847746,28,High
34.00388950847643,-118.30369560535108,3.670550983439659,4.238825885406494,1.200162922602202,1.8056127064336176,2020,0.0184694827768418,0.0184694827768418,0.0624549224654553,0.142017810237631,1.594450018891257,1.9051012683944553,1.6727366604742822,1.973143699199703,12235584,1101,1006.0,Mediterranean,0.3,0.0868,0.2132,0.970178926441352,0.433399602385686,0.077389984825493,0.21351025331725,0.175944333996024,0.065019505851756,0.475944652940544,2.66,66,C,0.124254473161034,0.05168986083499,Yes,2185.0,2675,0.0009,0.1432,0.0519,0.1628,0.4402,0.1769,0.1442,0.2147,0.6171,1.6386160060504762,Diving,1.8563030221511605,7278,29.3,11.6,8.3,20.4,36.1,54.1,30.0,8.5,16.0,2.0,0.0,60.4,71.3,41416,24.6,17.4,12.1,8.9,35.3,35.3,51.7,3.76,92.7,10.8,100.0,11.97864156,0.229396662387677,4.1,3336.0,0.353783231083845,0.6764895368571057,0.7236844953688278,0.0361099243409402,0.0569754437428615,49.51372680664065,0.6841302072561595,0.2655726724715338,0.7651209677419355,0.1212390228002107,0.8672909267032612,0.5406707593946202,0.9384981311586816,0.47111111111111115,0.04347650927451752,0.1315544831505892,0.3961600586737249,0.7686948981511504,0.5331533059479775,0.21062780686761634,1.0000000000000002,0.8139878877365895,0.6652927797406668,0.6875,0.17191977077363896,1.0,0.5896739130434783,0.5239477503628447,0.39603960396039595,0.5615135063567263,0.8852196216736133,0.0017582074450261942,0.5318350559821785,0.4729376283669393,0.21419215976494013,0.30359393389222705,0.2635624266572681,0.373570881505995,0.5258205872251536,29,High
34.02415173221044,-118.25829507274202,2.392516915825942,2.890119501442465,0.4239829858029348,1.465290075768941,2020,0.1133905837283838,0.1133905837283838,0.1130985618059495,0.138463293577824,0.3826881982580117,0.7633346967289917,0.3913419426260868,1.1031386675325967,12235584,1509,1626.0,Mediterranean,0.3,0.0872,0.2128,1.0,0.688191881918819,0.157983193277311,0.608308605341246,0.378228782287823,0.194018255972033,0.462273343712644,5.08,58,D,0.301353013530135,0.076875768757687,Yes,2531.0,2675,0.0009,0.1368,0.0825,0.1554,0.3894,0.1741,0.1377,0.238,0.5634,2.030431801518984,Badminton,2.12664657052658,5345,30.6,7.0,6.5,28.8,59.1,49.9,25.5,10.4,22.7,0.0,0.0,61.9,82.7,31615,33.5,24.4,7.2,8.3,50.2,39.8,56.0,3.11,63.5,9.6,100.0,12.15802236,0.127792041078306,4.1,5657.4,0.52807928268051,0.3769541005767996,0.3990143044081524,0.027570339671438,0.0306258173054191,50.00766362491486,0.734848495751498,0.7838580040187542,0.7631048387096775,0.5615944605703085,0.8911850177591217,0.746918163361872,0.6100917431192661,0.4222222222222223,0.028721509810917166,0.08789822695855179,0.28723342552773934,0.4859910893725715,0.1775666823817456,0.27574592793871283,1.0000000000000002,0.43732695096253454,0.4753261301311129,0.6286231884057971,0.29942693409742116,1.0,0.4286684782608695,0.8577648766328011,0.4455445544554455,0.610004671975389,0.8105161910868868,0.0011833819672846246,0.48678306743904587,0.43282754683107244,0.2145398626513181,0.45562356923401875,0.13652955260040356,0.2899511600919606,0.5257324868961346,30,High
34.02415173221044,-118.28274151337766,3.4204644663579025,4.017191254797834,1.835190507114852,2.0615871701009048,2020,0.0988918717938499,0.0988918717938499,0.1066390504129258,0.1185127666419805,0.4891223122612891,0.8443882877048878,0.48269171259981,0.7343784531707366,12235584,3287,2925.0,Mediterranean,0.3,0.0724,0.2276,0.602393162393162,0.88276299112801,0.208297320656871,0.022727272727273,0.022222222222222,0.075555555555556,0.475691711331325,-0.28,61,D,0.009230769230769,0.012991452991453,Yes,2436.0,2675,0.0027,0.214,0.0623,0.2337,0.3396,0.2797,0.2168,0.296,0.617,0.1462755920836222,Media Village/Main Press Center,0.595045299559914,6456,28.6,0.2,1.4,8.7,7.9,52.2,0.1,2.1,4.5,56.7,0.3,68.9,98.5,10802,80.3,40.9,1.5,19.8,30.4,14.2,42.5,-0.38,58.2,8.7,100.0,,,4.1,4828.6,0.470347648261759,0.7216986354949513,0.7281450349935014,0.192767483019893,0.2030782297940323,46.6944945982382,0.3946465583540739,0.598816700156285,0.8377016129032258,0.2581981589159561,0.6383597029383274,0.5455445466535737,0.798844716275909,0.2918518518518519,0.5296277772385329,0.08775864810379003,0.42702074836752096,0.7133752375139422,0.82407465542196,0.029524243734547095,1.0000000000000002,0.8946612201546982,0.6923270713650295,0.31250000000000006,0.969914040114613,1.0,0.2629076086956522,0.11465892597968069,0.6765676567656769,0.5560913719259372,0.6245591535748638,0.0010680724791329865,0.37516272113657145,0.33359664906352277,0.232958840579829,0.3033726153952992,0.295638024129389,0.38499711093684547,0.525657336056201,31,High
34.02994093899159,-118.2670259443976,3.1878542230550746,3.6366813689627,0.77406225547831,1.219475009766731,2019,0.0224841324383211,0.0224841324383211,0.0401265287375656,0.1002273729307999,0.2122514170595147,0.3134472064624833,0.4153255847131984,0.7163362301561147,12235584,1454,1877.0,Mediterranean,0.25,0.0631,0.1869,0.974960042621204,0.654672395273899,0.095238095238095,0.637870855148342,0.389451251997869,0.285050675675676,0.49393764163504,5.4,62,D,0.367607884922749,0.02184336707512,Yes,2387.0,2675,0.0029,0.1107,0.0662,0.1231,0.3204,0.1739,0.1137,0.1893,0.4943,1.1794038083438598,Fencing,1.3990034130141165,2476,25.7,3.8,6.5,29.0,41.7,49.3,18.4,9.1,26.3,0.6,1.1,61.4,96.5,26493,46.4,39.7,11.7,3.1,44.3,46.2,46.6,3.12,61.7,8.5,100.0,12.16525921,0.126572528883184,4.1,5520.4,0.518955482145666,0.6856078111140852,0.692309025845681,0.0179998907086418,0.040625773567119,49.56981759852456,0.6898897069724184,0.7532708193793256,0.632560483870968,0.5793599418806075,0.995479496286729,0.7301120896780098,0.12266394835202177,0.3022222222222223,0.07227241019938357,0.22283012604228075,0.17999717670397708,0.6619213651884533,0.33794638247774605,0.3612256235738894,1.0000000000000002,0.6389410163137774,0.6000068775107732,0.6295289855072465,0.484240687679083,1.0,0.43342391304347816,0.6052249637155297,0.42904290429042913,0.5969102423726277,0.9666559794806028,0.0007394901182209423,0.58028938373565,0.5158949511114912,0.13141811481948268,0.4358113844088865,0.10799954395490817,0.3581502506801992,0.5251603280485951,32,High
34.034282844077445,-118.26178742140424,3.5462370573159405,3.7262326294122303,1.1583798174177555,1.1703295554800746,2019,0.0185083486082763,0.0185083486082763,0.0863646858568728,0.1146003019582898,0.4453005038720322,0.5361978684727459,0.7079623041905155,0.8466212583836445,12235584,2046,1327.0,Mediterranean,0.3,0.0465,0.2535,0.94498869630746,0.593820648078372,0.014569536423841,0.329659318637274,0.247927656367747,0.158618258724004,0.421757187983479,4.19,57,,0.171816126601356,0.07611152976639,Yes,2554.0,2675,0.0064,0.2545,0.0965,0.2602,0.4287,0.2819,0.2609,0.3567,0.7106,0.9779585565878964,Fencing,1.1118686711793455,2672,22.4,11.6,11.0,23.9,29.0,50.2,11.1,17.7,17.1,1.2,0.5,59.5,99.3,22054,44.3,43.1,4.1,6.3,43.0,41.7,48.7,2.65,78.8,8.4,100.0,12.22607702,0.11206675224647,4.1,5940.3,0.547585338996382,1.07110542054726,1.0816716264937998,0.050005593724546,0.0549701338428154,52.58992919921877,1.0,0.8470194239785667,0.9682459677419355,0.728659383887603,0.5527930255085567,0.8193435602233323,0.1559633027522936,0.36888888888888893,0.09264639133615804,0.10123344500816545,0.17968300699637652,0.7411963976886289,0.5140114644879703,0.15091881035508717,1.0000000000000002,0.7872574117500736,0.638676816856352,0.5869565217391305,0.45415472779369614,1.0,0.486413043478261,0.42089985486211895,0.36633663366336644,0.5524601302560955,0.42994549535107407,0.0004930210447424699,0.25816450562854143,0.22953434067478598,0.14722211466404506,0.4526546500054752,0.11475937095162338,0.3528434774320087,0.5242816367932572,33,High
34.006784111867006,-118.2967109080266,3.664615231455167,4.055946902666041,1.350806249600666,1.9878412795454592,2020,0.3199244371581584,0.3272152923117229,0.3128001887935762,0.3313361489025945,1.2711460650086692,1.918336726125473,1.358040719193872,1.562845170172757,12235584,991,811.0,Mediterranean,0.3,0.0932,0.2068,0.995067817509248,0.261405672009864,0.120879120879121,0.349417637271215,0.258939580764488,0.107124810510359,0.475944652940544,1.37,66,C,0.109741060419235,0.149198520345253,Yes,2185.0,2675,0.0007,0.1518,0.0486,0.1708,0.4135,0.1864,0.1525,0.2194,0.5995,0.935706820173968,Diving,1.1480646723823495,7278,29.3,11.6,8.3,20.4,36.1,54.1,30.0,8.5,16.0,2.0,0.0,60.4,71.3,41416,24.6,17.4,12.1,8.9,35.3,35.3,51.7,3.76,92.7,10.8,100.0,11.97864156,0.229396662387677,4.1,3336.0,0.353783231083845,0.69301270764805,0.6949035231412072,0.0175126060650891,0.0255977106897557,48.68905029296877,0.5994509936638659,0.2655726724715338,0.7328629032258065,0.1212390228002107,0.8414594769131417,0.5121170138149117,0.9384981311586816,0.47111111111111115,0.09792517944126067,0.009536211706251144,0.37926765835432613,0.7673818973974897,0.6021666229258176,0.3678632622674282,1.0000000000000002,0.8882557926173755,0.7251335150416223,0.6875,0.17191977077363896,1.0,0.5896739130434783,0.5239477503628447,0.39603960396039595,0.5615135063567263,0.870150689323501,0.0016761079832150472,0.5227608567873866,0.4648625513647009,0.19422942063299165,0.2875606200921471,0.27501969024407763,0.4071722626077992,0.5241920028313586,34,High
34.00823141356229,-118.2967109080266,3.793659431321304,4.129620734496394,1.2634002878911772,1.946709465540847,2020,0.2928842125859387,0.2928842125859387,0.2980020975074268,0.3178053201291719,1.110607784046633,1.8225627065685,1.2090771574436951,1.433495180877717,12235584,1157,1218.0,Mediterranean,0.3,0.1068,0.1932,0.913793103448276,0.32183908045977,0.009022556390977,0.403225806451613,0.28735632183908,0.107124810510359,0.475944652940544,2.51,70,C,0.21264367816092,0.074712643678161,Yes,1897.0,2675,0.0013,0.1711,0.065,0.1946,0.3878,0.2359,0.1724,0.2596,0.6231,0.8335740658848805,Diving,1.0551508242952126,7278,29.3,11.6,8.3,20.4,36.1,54.1,30.0,8.5,16.0,2.0,0.0,60.4,71.3,41416,24.6,17.4,12.1,8.9,35.3,35.3,51.7,3.76,92.7,10.8,100.0,11.97864156,0.229396662387677,4.1,3336.0,0.353783231083845,0.7776916617967109,0.783827807851139,0.0046618978101224,0.0087153563292532,48.84164300104704,0.6151194773732573,0.2655726724715338,0.6643145161290325,0.1212390228002107,0.7646109137875363,0.48617132051231415,0.9384981311586816,0.47111111111111115,0.1126587496534269,0.012286243947607134,0.3836385589677067,0.7959267443052542,0.562123857929852,0.70870849819503,1.0000000000000002,0.8933016023576437,0.7920121405575561,0.6875,0.17191977077363896,1.0,0.5896739130434783,0.5239477503628447,0.39603960396039595,0.5615135063567263,0.741263225392754,0.001635055934586127,0.4454119576094868,0.3961034129789423,0.18651406481277127,0.2729917628709493,0.3038463962884296,0.44472551412156963,0.5240008312585354,35,High
34.01257331864815,-118.28972621070211,3.287176242822653,3.923926681910801,1.7459345153785029,1.9101543010684623,2020,0.1673960975649069,0.1673960975649069,0.1850473555937077,0.2026237927147425,0.6249842816675237,1.39830965760378,0.6510436770365045,0.961919413072016,12235584,1397,1858.0,Mediterranean,0.3,0.121,0.179,0.971474703982777,0.33799784714747,0.160270880361174,0.510569105691057,0.33799784714747,0.191676040494938,0.533113760531744,-3.54,68,D,0.279332615715823,0.058665231431647,Yes,2045.0,2675,0.0022,0.2915,0.0335,0.316,0.2139,0.3787,0.2937,0.3495,0.5926,0.0345407927496619,Diving,0.2684639506623174,4671,32.9,8.9,13.3,24.3,52.8,55.3,22.1,9.4,22.4,1.1,0.0,66.4,90.1,28113,28.3,32.5,10.4,11.4,42.9,40.4,43.7,5.43,66.9,7.9,100.0,12.00727367,0.216302952503209,4.1,3928.8,0.401761837344659,0.0176200252388264,0.0282707492401285,0.0478308480090405,0.0489771138562625,47.40352783203127,0.4674513195580374,0.3979236436704622,0.592741935483871,0.19152695402435427,0.3726186632224734,0.4044525031918397,0.49558273870200475,0.48444444444444446,1.0,0.04199317843971468,0.505505090396541,0.6838916036941475,0.7831843473505317,0.5369522274700821,1.0000000000000002,0.8675644094491636,0.7743185175927849,0.838768115942029,0.2249283667621776,1.0,0.43817934782608703,0.7663280116110304,0.5940594059405941,0.6437105413469864,0.4530298172491184,0.001511890567155838,0.27242264657633336,0.24232145146420256,0.20445279918709822,0.2603503397787628,0.39142195223145637,0.49843699213464754,0.5233644534237124,36,High
34.00533681017172,-118.287980036371,2.951413666834806,3.3872251291367035,1.9547284006620655,2.196899024532336,2020,0.179046886477606,0.2289931486741977,0.1715700587611745,0.2470922738888422,1.4266795904723764,2.1305330944999183,1.444787326787305,1.6622461457888609,12235584,1853,1721.0,Mediterranean,0.25,0.0689,0.1811,0.99418942475305,0.656595002905288,0.038636363636364,0.47725321888412,0.323067983730389,0.156441717791411,0.567128964324753,2.32,66,C,0.241719930273097,0.081348053457292,Yes,2185.0,2675,0.0018,0.1147,0.0827,0.1305,0.4384,0.1447,0.1165,0.2132,0.5831,0.8135199760930124,Diving,0.894026430673564,3955,31.5,7.5,11.4,26.0,53.0,52.0,24.3,7.7,24.6,0.7,2.0,66.2,91.0,31099,41.6,37.7,17.0,13.1,46.3,39.1,51.8,6.33,92.3,10.6,100.0,11.97864156,0.229396662387677,4.1,3673.1,0.381469246499921,0.6515983704869093,0.6609203608797869,0.0208575614670637,0.0333117916331425,49.04888117167896,0.6363990518785148,0.34083500781424425,0.603326612903226,0.1212390228002107,0.9715854052308686,0.5346770201254128,0.3739381583418281,0.442962962962963,0.11593868056417642,0.03685686512430061,0.24242416674831704,0.6096202196344848,0.8788378281599152,0.3264622099201652,1.0000000000000002,0.8411612852295354,0.7312163085888201,0.9202898550724639,0.41547277936962745,1.0,0.6440217391304348,0.7692307692307692,0.5874587458745877,0.7227456481129805,0.8900288554023725,0.0017171584597770462,0.5347041766253343,0.47548339682916135,0.12961863108337635,0.3864354894416586,0.177264504322425,0.5284834048618079,0.5232125963423303,37,High
34.00388950847643,-118.28972621070211,3.10073880689464,3.4312104673704265,2.065144380760544,2.2517761142716894,2020,0.0192714303775176,0.0591813342553454,0.1418094953894255,0.1519682576786954,1.5881958307989976,2.310454231112519,1.60113840231311,1.840949913059897,12235584,1853,1721.0,Mediterranean,0.25,0.0689,0.1811,0.99418942475305,0.656595002905288,0.038636363636364,0.47725321888412,0.323067983730389,0.156441717791411,0.567128964324753,2.32,66,C,0.241719930273097,0.081348053457292,Yes,2185.0,2675,0.0018,0.1147,0.0827,0.1305,0.4384,0.1447,0.1165,0.2132,0.5831,0.9647381717500468,Diving,1.0749429584610304,3955,31.5,7.5,11.4,26.0,53.0,52.0,24.3,7.7,24.6,0.7,2.0,66.2,91.0,31099,41.6,37.7,17.0,13.1,46.3,39.1,51.8,6.33,92.3,10.6,100.0,11.97864156,0.229396662387677,4.1,3673.1,0.381469246499921,0.5560016121802257,0.5883801304591115,0.0430418323206063,0.0669059941904275,49.23891601562502,0.6559121589862187,0.34083500781424425,0.603326612903226,0.1212390228002107,0.9715854052308686,0.5385796415469536,0.3739381583418281,0.442962962962963,0.0942530653775322,0.04855376042089984,0.2399269867758058,0.6426512529309063,0.9294220338183102,0.18349091873318188,1.0000000000000002,0.8843964485505461,0.727992130806589,0.9202898550724639,0.41547277936962745,1.0,0.6440217391304348,0.7692307692307692,0.5874587458745877,0.7227456481129805,0.8900288554023725,0.0017582074801278935,0.5347205962334747,0.47550255303865835,0.12921979053515414,0.3892560920903097,0.17466495834092316,0.5261531444009578,0.5231161678401682,38,High
33.996653,-118.28274151337766,2.291312820511238,2.695443503825743,1.882263602215331,2.3121703323809215,2021,0.0063726703548153,0.0652890296249119,0.0391607176899038,0.0836957070778934,2.392850746281516,2.993314490525511,2.4089560234880043,2.5984822150638043,12235584,1220,1454.0,Mediterranean,0.3,0.0814,0.2186,1.0,0.497936726272352,0.134114583333333,0.431102362204724,0.301237964236589,0.146187775677379,0.499820867008671,3.47,60,C,0.238651994497937,0.062585969738652,Yes,2471.0,2675,0.0012,0.1601,0.0628,0.1836,0.3636,0.2486,0.1612,0.2464,0.6122,1.8140056157595532,Flag Football,1.8814474470757203,5987,37.5,6.4,5.0,29.9,47.9,52.0,24.4,10.6,17.0,0.2,0.0,71.8,82.1,36858,26.3,19.7,14.6,10.2,47.5,37.6,49.4,3.96,92.3,10.6,100.0,11.99843255,0.221758664955071,4.1,3688.2,0.382727701746107,0.4325668722508978,0.4488718129143828,0.0404017882089749,0.0486244148002256,48.65644490316311,0.5961030157333189,0.34420629604822506,0.7923387096774193,0.1698232083170197,0.8001291572489505,0.5405200774049866,0.7191641182466871,0.5155555555555555,0.03612484699209411,0.20498064136463112,0.36895629053974194,0.4636045318194715,0.8456399679918988,0.1994052346114937,1.0000000000000002,0.6785504310599967,0.6374400330965722,0.7056159420289856,0.19627507163323782,1.0,0.5923913043478259,0.695210449927431,0.7722772277227721,0.6602949992767088,0.7835844822058351,0.002628167129246073,0.47120195617519944,0.4191382018367602,0.19942828272159804,0.35690270411917224,0.23518751005284158,0.4208984661924463,0.5228411725509283,39,High
34.00533681017172,-118.29845708235771,3.579666065275988,4.113566419420681,1.3333005168734324,1.95118189116802,2020,0.1584837132805329,0.1658705804809751,0.2150202725197909,0.2272776868064715,1.4323262491972566,1.963733301528368,1.567906346578936,1.7178721882824828,12235584,991,811.0,Mediterranean,0.3,0.0932,0.2068,0.995067817509248,0.261405672009864,0.120879120879121,0.349417637271215,0.258939580764488,0.107124810510359,0.475944652940544,1.37,66,C,0.109741060419235,0.149198520345253,Yes,2185.0,2675,0.0007,0.1518,0.0486,0.1708,0.4135,0.1864,0.1525,0.2194,0.5995,1.1632289636238076,Diving,1.3735180002450995,7278,29.3,11.6,8.3,20.4,36.1,54.1,30.0,8.5,16.0,2.0,0.0,60.4,71.3,41416,24.6,17.4,12.1,8.9,35.3,35.3,51.7,3.76,92.7,10.8,100.0,11.97864156,0.229396662387677,4.1,3336.0,0.353783231083845,0.553192227408993,0.5638352279614637,0.0133231011107026,0.0157164161450639,48.47777722101483,0.5777571084983588,0.2655726724715338,0.7328629032258065,0.1212390228002107,0.8414594769131417,0.5077782367818103,0.9384981311586816,0.47111111111111115,0.07366838948548768,0.02395762894917932,0.376808815176115,0.7485909641665323,0.5941468273882015,0.4418516542929312,1.0000000000000002,0.850612675921634,0.7270404243538598,0.6875,0.17191977077363896,1.0,0.5896739130434783,0.5239477503628447,0.39603960396039595,0.5615135063567263,0.870150689323501,0.0017171584948769691,0.5227772769920513,0.4648817082701431,0.19133531577397073,0.2851243381869903,0.2739552408859178,0.40824301794201806,0.522658956479867,40,High
34.00388950847643,-118.287980036371,2.939591456229577,3.3152715018473873,1.979879491574206,2.2742751186238452,2020,0.0185089008763105,0.112181102211258,0.0475047972410677,0.1537372450622734,1.587215397272573,2.285331521903284,1.6038276827547613,1.8159905288167113,12235584,1853,1721.0,Mediterranean,0.25,0.0689,0.1811,0.99418942475305,0.656595002905288,0.038636363636364,0.47725321888412,0.323067983730389,0.156441717791411,0.567128964324753,2.32,66,C,0.241719930273097,0.081348053457292,Yes,2185.0,2675,0.0018,0.1147,0.0827,0.1305,0.4384,0.1447,0.1165,0.2132,0.5831,0.9724190502800542,Diving,1.050235204902748,3955,31.5,7.5,11.4,26.0,53.0,52.0,24.3,7.7,24.6,0.7,2.0,66.2,91.0,31099,41.6,37.7,17.0,13.1,46.3,39.1,51.8,6.33,92.3,10.6,100.0,11.97864156,0.229396662387677,4.1,3673.1,0.381469246499921,0.4946397603733228,0.5325447670290744,0.0682773587742597,0.0772310992435065,49.207717848858536,0.6527086771560588,0.34083500781424425,0.603326612903226,0.1212390228002107,0.9715854052308686,0.5379389451809217,0.3739381583418281,0.442962962962963,0.0933147861089916,0.17328009553970586,0.27087400073837214,0.6070051219223235,0.8903601454377041,0.12045748459386049,1.0000000000000002,0.8203434143876386,0.6876332332683054,0.9202898550724639,0.41547277936962745,1.0,0.6440217391304348,0.7692307692307692,0.5874587458745877,0.7227456481129805,0.8900288554023725,0.0017582074450261942,0.534720596219434,0.47550255302227756,0.14571367423413611,0.3887930315799983,0.18626196493604819,0.4969839268425257,0.5225889329117055,41,High
34.03573014577273,-118.26004124707312,3.653334150113277,3.690010080786785,1.1656365845170034,1.1656365845170034,2019,0.0633775218887081,0.0633775218887081,0.0534174232976033,0.1125947627192148,0.6646627589704942,0.708949991545779,0.7893558871640906,0.922835970927536,12235584,2046,1327.0,Mediterranean,0.3,0.0465,0.2535,0.94498869630746,0.593820648078372,0.014569536423841,0.329659318637274,0.247927656367747,0.158618258724004,0.421757187983479,4.19,57,,0.171816126601356,0.07611152976639,Yes,2554.0,2675,0.0064,0.2545,0.0965,0.2602,0.4287,0.2819,0.2609,0.3567,0.7106,1.009269005593304,Fencing,1.0844337247706486,2672,22.4,11.6,11.0,23.9,29.0,50.2,11.1,17.7,17.1,1.2,0.5,59.5,99.3,22054,44.3,43.1,4.1,6.3,43.0,41.7,48.7,2.65,78.8,8.4,100.0,12.22607702,0.11206675224647,4.1,5940.3,0.547585338996382,1.2570281362357696,1.264560308212414,0.0615012729353981,0.0785558783042037,51.55901489257815,0.894143932414563,0.8470194239785667,0.9682459677419355,0.728659383887603,0.5527930255085567,0.7981723467062449,0.1559633027522936,0.36888888888888893,0.08899398640088571,0.16184909108075562,0.19392381728070598,0.7648864986101569,0.5173359633425386,0.12065439378555923,1.0000000000000002,0.8025614338833577,0.6410876579243225,0.5869565217391305,0.45415472779369614,1.0,0.486413043478261,0.42089985486211895,0.36633663366336644,0.5524601302560955,0.42994549535107407,0.00041085858774891904,0.258131640645744,0.22949599819485567,0.15478462832117415,0.4409583986281455,0.12432216583623207,0.35417537100244645,0.5219688092748143,42,High
34.01980982712458,-118.2757568160532,2.6242775741653537,3.344268310853374,1.2726065495068313,1.7452669849182416,2021,0.0246483068974283,0.0390904096779285,0.021566782509008,0.0655703004837567,0.3168857112590684,0.7446393310454781,0.3367427515168437,0.7752255116989725,12235584,1587,2136.0,Mediterranean,0.25,0.0361,0.2139,0.883895131086142,0.757022471910112,0.298117154811715,0.295330503335355,0.227996254681648,0.144225188624492,0.633206421457944,3.68,56,D,0.172284644194757,0.055711610486891,Yes,2585.0,2675,0.0027,0.1337,0.0628,0.1451,0.3429,0.1776,0.1364,0.2079,0.5199,0.4218473173598812,Badminton,0.8161637496833007,3339,25.6,11.2,5.5,45.3,43.1,44.8,22.5,19.8,18.2,25.4,0.0,67.3,92.0,29226,55.0,33.9,11.1,14.4,36.2,43.4,33.8,-0.44,41.7,5.7,100.0,12.08083341,0.170410783055199,4.1,4508.8,0.448324681453516,0.8610964008074735,0.8714658690315709,0.0877697004601655,0.1045105774827031,49.51840420683507,0.6846104908140802,0.5274168341147578,0.7686491935483872,0.3721060991165501,0.9244430093639004,0.6554451253915352,0.26928304451240237,0.4103703703703704,0.2305401853340623,0.36442179097369787,0.3186538477976332,0.5372570317272364,0.5663414669253605,0.08411323219118916,1.0000000000000002,0.623226130701442,0.5621875723090457,0.3070652173913044,0.6074498567335243,1.0,0.2235054347826088,0.625544267053701,0.6237623762376239,0.5645545253664604,0.9070214812439884,0.0013065841827657465,0.5447355224194994,0.48435452928208456,0.2088601112262149,0.37003451166917833,0.17914323310028757,0.31738553805185593,0.5218531457618556,43,High
34.00967871525758,-118.29496473369548,3.6653186174994454,4.087392070527042,1.3409977229835564,1.89761661856926,2020,0.1322246252535607,0.1322301324927569,0.1309033461414491,0.198509363579346,0.9495332665782298,1.7792726663790528,1.001470073762895,1.2943300779388849,12235584,1196,1362.0,Mediterranean,0.3,0.096,0.204,0.957415565345081,0.745227606461087,0.082661290322581,0.873452544704264,0.466226138032305,0.407834101382488,0.475944652940544,0.37,57,C,0.286343612334802,0.179882525697504,Yes,2554.0,2675,0.0021,0.1575,0.064,0.1713,0.3594,0.175,0.1597,0.2354,0.5344,0.6102693466721378,Diving,0.8359032794646004,7278,29.3,11.6,8.3,20.4,36.1,54.1,30.0,8.5,16.0,2.0,0.0,60.4,71.3,41416,24.6,17.4,12.1,8.9,35.3,35.3,51.7,3.76,92.7,10.8,100.0,11.97864156,0.229396662387677,4.1,3336.0,0.353783231083845,0.5549567056927663,0.5606071830637064,0.0214607775965094,0.0259740992329407,48.29851684570315,0.559350342502241,0.2655726724715338,0.71875,0.1212390228002107,0.8398450113012592,0.5009514098150489,0.9384981311586816,0.47111111111111115,0.1596324332764412,0.05869019832964891,0.4069829684689707,0.7675374878616238,0.5976731019050088,0.32256179064944335,1.0000000000000002,0.8523484009023795,0.7080241562636911,0.6875,0.17191977077363896,1.0,0.5896739130434783,0.5239477503628447,0.39603960396039595,0.5615135063567263,0.8188521962167361,0.0015940023490150779,0.4919489186696477,0.4374650390784663,0.20387869182524448,0.28129098263959346,0.28815377286393534,0.39756512656888787,0.5216095261758511,44,High
34.00099490508586,-118.31242647700664,3.927788661875977,4.361500203112967,1.3278202717712184,1.5177363112539577,2020,0.3020631748703055,0.3020678400692059,0.3215488076607722,0.3264540446551852,1.6944317957319308,1.7732557729229772,1.8383624323875791,2.001098027052667,12235584,1122,1074.0,Mediterranean,0.25,0.0657,0.1843,0.902234636871508,0.318435754189944,0.043933054393305,0.455284552845528,0.312849162011173,0.104429451452039,0.465624924060927,2.0,71,C,0.174115456238361,0.138733705772812,Yes,1823.0,2675,0.0006,0.1066,0.0572,0.1217,0.3302,0.1585,0.1072,0.1789,0.4888,2.48900075266183,Diving,2.710158445093848,7322,26.8,10.2,4.0,10.0,35.6,51.4,21.9,12.0,14.7,2.6,0.0,67.9,53.3,45132,18.9,13.0,6.5,5.1,31.5,30.2,53.9,-0.54,109.0,13.1,100.0,11.95360692,0.243388960205392,4.1,2662.6,0.289602013528394,0.8806771500226018,0.8838793535278088,0.0058405745462837,0.0084558891486415,48.085972456361695,0.537525916264185,0.11522661308327753,0.6194556451612903,0.059782390559654175,1.0,0.4663981130136814,0.9459734964322121,0.41333333333333333,0.017124837082661777,0.006398919892725952,0.34570764668523324,0.8255964106367211,0.5916361958196408,0.6525702489454875,1.0000000000000002,0.9350544953267965,0.8009714701457293,0.29800724637681164,0.09025787965616039,1.0,0.7072010869565217,0.5166908563134978,0.6435643564356437,0.5426202376231058,1.0,0.0018403007726872644,0.6007361203090749,0.5341921403605874,0.16123739406839324,0.25307705491045196,0.27690196200609163,0.4346233294598041,0.5213528892840832,45,High
34.00823141356229,-118.30369560535108,4.084679993815965,4.366485891453071,0.77479990485233,1.6304480921695077,2020,0.2915695758137722,0.2915695758137722,0.2956737663954217,0.3107933571013892,1.11283555375779,1.6144009064395215,1.219427351512261,1.5981002396928006,12235584,1101,1006.0,Mediterranean,0.3,0.0868,0.2132,0.970178926441352,0.433399602385686,0.077389984825493,0.21351025331725,0.175944333996024,0.065019505851756,0.475944652940544,2.66,66,C,0.124254473161034,0.05168986083499,Yes,2185.0,2675,0.0009,0.1432,0.0519,0.1628,0.4402,0.1769,0.1442,0.2147,0.6171,1.4100556156185056,Diving,1.6378936743376296,7278,29.3,11.6,8.3,20.4,36.1,54.1,30.0,8.5,16.0,2.0,0.0,60.4,71.3,41416,24.6,17.4,12.1,8.9,35.3,35.3,51.7,3.76,92.7,10.8,100.0,11.97864156,0.229396662387677,4.1,3336.0,0.353783231083845,0.6274118748728229,0.6451048052327584,0.0131332429921195,0.0188180734640328,48.70379028320315,0.600964521405607,0.2655726724715338,0.7651209677419355,0.1212390228002107,0.8672909267032612,0.5240376222245097,0.9384981311586816,0.47111111111111115,0.05561970292650586,0.012492065805243202,0.36943025275038543,0.8603011014018068,0.33828431732744746,0.4434120415549531,1.0000000000000002,0.8557198967264233,0.6995434714021262,0.6875,0.17191977077363896,1.0,0.5896739130434783,0.5239477503628447,0.39603960396039595,0.5615135063567263,0.8852196216736133,0.0016350558994870923,0.5317857953639629,0.47288015764568775,0.19359535122911162,0.2942542027181259,0.25843252144996953,0.39280310747596414,0.5209925858534522,46,High
34.01402062034344,-118.28274151337766,2.7574598714461303,3.505014305417595,1.6324851890007055,2.004618782110693,2020,0.0002194132903092,0.0002194132903092,0.0234288414534244,0.0266903229118061,0.4669890507651684,1.1313258755590134,0.5423107720598623,0.825150792929627,12235584,1587,2136.0,Mediterranean,0.25,0.0361,0.2139,0.883895131086142,0.757022471910112,0.298117154811715,0.295330503335355,0.227996254681648,0.144225188624492,0.633206421457944,3.68,56,D,0.172284644194757,0.055711610486891,Yes,2585.0,2675,0.0027,0.1337,0.0628,0.1451,0.3429,0.1776,0.1364,0.2079,0.5199,0.1658465438545551,Flag Football,0.4156971839746838,3339,25.6,11.2,5.5,45.3,43.1,44.8,22.5,19.8,18.2,25.4,0.0,67.3,92.0,29226,55.0,33.9,11.1,14.4,36.2,43.4,33.8,-0.44,41.7,5.7,100.0,12.08083341,0.170410783055199,4.1,4508.8,0.448324681453516,0.3536308929045669,0.3641243322697758,0.1018870913740178,0.1067345534346964,45.19341936198449,0.24051355172475475,0.5274168341147578,0.7686491935483872,0.3721060991165501,0.9244430093639004,0.5666257375736701,0.26928304451240237,0.4103703703703704,0.4879323791976958,0.3316515086761028,0.3748093256891428,0.5667172344379958,0.7312104930933617,0.08746240056485816,1.0000000000000002,0.7162691115961115,0.6203318479384654,0.3070652173913044,0.6074498567335243,1.0,0.2235054347826088,0.625544267053701,0.6237623762376239,0.5645545253664604,0.9070214812439884,0.0014708323709164972,0.5448012216947596,0.48443117843655487,0.21237661061810048,0.3198911243363239,0.23250616162931612,0.35021115198259967,0.5208827189307044,47,High
34.022704430515155,-118.28099533904654,3.192923663369609,3.9162857864659855,1.6787441416663185,1.988044792346464,2020,0.0321991571169735,0.0321991571169735,0.0784956429299063,0.0982372379152231,0.2656737013183175,0.6978837462642389,0.273466381126269,0.6403283239769445,12235584,3287,2925.0,Mediterranean,0.3,0.0724,0.2276,0.602393162393162,0.88276299112801,0.208297320656871,0.022727272727273,0.022222222222222,0.075555555555556,0.475691711331325,-0.28,61,D,0.009230769230769,0.012991452991453,Yes,2436.0,2675,0.0027,0.214,0.0623,0.2337,0.3396,0.2797,0.2168,0.296,0.617,0.1882694963906599,Badminton,0.5581109457356862,6456,28.6,0.2,1.4,8.7,7.9,52.2,0.1,2.1,4.5,56.7,0.3,68.9,98.5,10802,80.3,40.9,1.5,19.8,30.4,14.2,42.5,-0.38,58.2,8.7,100.0,,,4.1,4828.6,0.470347648261759,0.6465601847200746,0.6498356972991989,0.050048086084346,0.0896593582985617,46.7155494448692,0.3968085064942972,0.598816700156285,0.8377016129032258,0.2581981589159561,0.6383597029383274,0.5459769362816183,0.798844716275909,0.2918518518518519,0.44712002401968776,0.13654038530438492,0.4185892443629584,0.663042735988819,0.752402827509923,0.1572222073844295,1.0000000000000002,0.817182788897514,0.6779701119561371,0.31250000000000006,0.969914040114613,1.0,0.2629076086956522,0.11465892597968069,0.6765676567656769,0.5560913719259372,0.6245591535748638,0.001150210351132941,0.3751955762853714,0.33363498007045606,0.22854007319772568,0.3036130635367651,0.28379099686438974,0.3770133296824695,0.5208116181623886,48,High
34.0284936372963,-118.26004124707312,2.888192344332187,3.3918885155716594,0.5748528446295776,1.3954650892260865,2019,0.2607715164942842,0.2607715164942842,0.2434640355953932,0.2714853677495458,0.0393052883397786,0.4149969880144289,0.4588200281990405,0.9050054719558172,12235584,2632,2261.0,Mediterranean,0.25,0.0416,0.2084,0.995577178239717,0.678202247191011,0.176859504132231,0.473924380704042,0.321539141972578,0.335058823529412,0.538100179435361,6.29,56,D,0.299867315347192,0.021671826625387,Yes,2585.0,2675,0.0017,0.1864,0.0562,0.2053,0.3148,0.254,0.1881,0.2615,0.5685,1.5784635094783166,Fencing,1.7482374360098627,2531,34.6,5.7,8.0,28.6,53.2,43.0,15.5,7.5,22.2,0.7,0.0,68.5,81.8,40978,41.9,30.7,8.1,7.8,44.6,27.2,57.2,4.73,87.2,9.3,100.0,12.15802236,0.127792041078306,4.1,6093.6,0.557967594777411,0.5060282611077745,0.5062164284584348,0.0555210562231958,0.0924398909640237,51.91900024414065,0.9311078521693901,0.8812458137977228,0.7409274193548387,0.5615944605703085,0.7300613496932515,0.7689873791171022,0.13200815494393475,0.4622222222222223,0.04635169992480436,0.03551101416737349,0.1690232728145837,0.5956355308688083,0.24668377901697347,0.1467265846123933,1.0000000000000002,0.5833821832496192,0.5144856155495589,0.7753623188405798,0.4197707736389684,1.0,0.5842391304347827,0.772133526850508,0.6633663366336635,0.7024786810664171,0.7351715293363257,0.0008216403182252918,0.4414315737290855,0.39247491446121213,0.1299767635714817,0.5401972398389028,0.08696004255621212,0.36141517663889783,0.5204684486547722,49,High
34.022704430515155,-118.25829507274202,2.232545088978967,2.738794094412795,0.4425198487643595,1.3770473954646627,2020,0.1899926187528189,0.1899926187528189,0.1933867787769076,0.2354208765188288,0.5227432372428781,0.8815668555975452,0.5229620090821682,1.1706129164915775,12235584,1509,1626.0,Mediterranean,0.3,0.0872,0.2128,1.0,0.688191881918819,0.157983193277311,0.608308605341246,0.378228782287823,0.194018255972033,0.462273343712644,5.08,58,D,0.301353013530135,0.076875768757687,Yes,2531.0,2675,0.0009,0.1368,0.0825,0.1554,0.3894,0.1741,0.1377,0.238,0.5634,2.0110347915442506,Badminton,2.207046883360661,5345,30.6,7.0,6.5,28.8,59.1,49.9,25.5,10.4,22.7,0.0,0.0,61.9,82.7,31615,33.5,24.4,7.2,8.3,50.2,39.8,56.0,3.11,63.5,9.6,100.0,12.15802236,0.127792041078306,4.1,5657.4,0.52807928268051,0.4187377614901234,0.4412098656748855,0.0236338841498413,0.0290389506903213,49.60198364257815,0.693192572119754,0.7838580040187542,0.7631048387096775,0.5615944605703085,0.8911850177591217,0.7385869786355233,0.6100917431192661,0.4222222222222223,0.029323099424888095,0.04376365088724623,0.2763501789134057,0.4506049866911709,0.18605886338186803,0.30652900670833255,1.0000000000000002,0.4258316766387386,0.4738049066840221,0.6286231884057971,0.29942693409742116,1.0,0.4286684782608695,0.8577648766328011,0.4455445544554455,0.610004671975389,0.8105161910868868,0.0012244509208310106,0.48679949502046443,0.43284671234272737,0.20410864368903858,0.450541507627856,0.130936070732179,0.2890232066821167,0.5202099916863939,50,High
